zip_code,total,white,black,indigenous,asian,latino,other,multiracial,white_percent
89010,514,341,11,8,0,154,0,0,0.6634241245136187
89019,2158,1498,104,0,72,476,0,8,0.6941612604263206
89060,9473,7326,229,35,81,1440,0,280,0.7733558534783068
89061,6160,4657,154,61,38,980,0,270,0.7560064935064935
89439,1284,1244,4,18,0,18,0,0,0.9688473520249221
90001,59832,386,5113,39,105,53929,169,91,0.006451397245621072
90002,53302,209,9762,473,433,42048,192,136,0.0039210536190011636
90003,73730,339,14870,119,171,57766,248,217,0.00459785704597857
90004,60541,10877,2114,49,15262,30446,180,1484,0.17966336862622026
90005,39732,3481,2113,111,13541,19660,209,552,0.08761200040269808
90006,59576,2707,1801,125,10837,43537,134,322,0.045437760171881295
90007,42433,6916,4425,55,8147,21672,111,1047,0.16298635495958333
90008,31754,1844,20350,60,1082,7566,210,621,0.05807142407255779
90010,3822,543,208,12,2472,370,9,172,0.14207221350078492
90011,111165,582,8147,178,617,101183,63,339,0.005235460801511267
90012,36552,6088,4877,287,13654,10464,151,953,0.166557233530313
90013,12559,3816,3550,96,2217,1984,55,765,0.30384584759933114
90014,8688,3310,2040,37,1608,1280,56,357,0.3809852670349908
90015,22651,3043,1496,12,3560,14055,38,447,0.13434285462010506
90016,45899,4344,13625,50,2369,24058,306,1098,0.09464258480576919
90017,27723,2996,2234,0,4611,17243,23,548,0.10806911228943476
90018,53490,3082,15238,7,2627,31558,187,674,0.057618246401196484
90019,64534,10842,11529,97,10829,28715,937,1553,0.16800446276381442
90020,39189,4859,2555,154,17625,12680,54,1067,0.12398887442904896
90021,2945,726,516,23,168,1412,17,83,0.24651952461799662
90022,67014,1356,227,166,753,64280,92,116,0.020234577849404602
90023,46680,608,549,9,371,45033,0,110,0.013024850042844902
90024,51627,26033,1226,60,14336,6836,130,2911,0.5042516512677475
90025,46883,26174,1979,20,9468,6614,147,2468,0.5582833863020711
90026,68906,18586,2691,85,10020,35417,79,1885,0.26972977679737614
90027,44770,26535,1006,0,5818,9857,159,1319,0.5926960017869108
90028,29774,13678,2845,105,2887,8800,297,1152,0.45939410223685095
90029,36668,9176,1251,57,6340,19277,38,465,0.25024544562015927
90031,39916,3128,615,36,9338,26410,6,365,0.07836456558773425
90032,48031,3636,745,177,5201,37560,127,578,0.07570110969998542
90033,49155,1245,841,81,2092,44687,39,157,0.025328043942630454
90034,53861,21312,5374,115,10518,13808,595,1984,0.39568518965485233
90035,27272,19310,1693,8,2027,2895,104,1225,0.708052214725726
90036,37965,23954,2203,22,6132,3975,498,1115,0.6309495588041617
90037,67640,1101,10703,103,742,54111,278,602,0.016277350680070964
90038,28580,8688,1791,27,1396,15530,135,1013,0.3039888033589923
90039,29510,11636,370,279,4564,11388,60,1168,0.39430701457133177
90040,12328,184,195,109,54,11715,15,56,0.014925373134328358
90041,29090,8682,611,50,8150,10471,101,903,0.29845307665864557
90042,63193,12064,1216,197,8295,39515,324,1536,0.19090722073647398
90043,45873,2082,27623,101,614,13872,349,1143,0.04538617487410895
90044,99443,937,32064,176,648,64665,259,659,0.009422483231600012
90045,40567,20330,4760,136,5682,7295,219,2067,0.5011462518796066
90046,50900,37185,2397,78,3097,5700,61,2302,0.7305500982318271
90047,51411,1073,30388,57,223,18279,112,1199,0.020871019820660947
90048,21489,15991,733,91,1707,1865,41,1048,0.7441481688305644
90049,36418,29433,584,52,2874,2041,81,1353,0.8081992421330112
90056,7649,871,5237,0,361,687,0,493,0.11387109426068767
90057,50152,3492,1930,139,8979,34868,89,534,0.06962832987717339
90058,2718,63,184,0,3,2452,0,9,0.023178807947019868
90059,46185,458,12823,2,118,32218,123,443,0.009916639601602252
90061,27873,369,7959,28,190,18677,117,520,0.013238618017436228
90062,35916,777,11053,43,766,22629,250,398,0.021633812228533243
90063,53980,1440,147,26,561,51677,45,66,0.02667654686921082
90064,25925,15792,738,72,4684,3598,13,993,0.6091417550626808
90065,46461,10159,931,0,7215,27017,146,989,0.2186565076085319
90066,59167,28510,2475,163,7987,16894,291,2717,0.4818564402454071
90067,2428,1806,35,0,440,76,32,39,0.7438220757825371
90068,21092,15798,789,0,1307,2222,147,818,0.749004361843353
90069,20230,15279,656,12,1453,1783,60,938,0.7552644587246663
90071,126,40,32,0,40,14,0,0,0.31746031746031744
90073,953,365,237,0,106,207,0,38,0.3830010493179433
90077,8382,6696,229,0,713,314,0,430,0.7988546886184682
90079,0,0,0,0,0,0,0,0,
90089,3786,1616,260,0,1190,561,34,105,0.42683571051241415
90090,0,0,0,0,0,0,0,0,
90094,9827,5045,646,0,2553,1215,0,368,0.5133814999491197
90095,0,0,0,0,0,0,0,0,
90201,101965,3639,1071,113,565,96154,72,239,0.03568871671652037
90210,19314,16117,229,17,1383,799,113,656,0.8344724034379207
90211,8019,5724,360,0,924,720,29,262,0.7138047138047138
90212,13314,10206,193,45,1327,749,0,794,0.7665615141955836
90220,52817,1306,17356,32,426,32326,529,636,0.02472688717647727
90221,51688,620,10640,54,453,39466,34,319,0.011995047206314812
90222,33200,406,7756,222,362,24234,0,200,0.012228915662650603
90230,32687,11810,3277,0,5120,10831,244,1367,0.3613057178694894
90232,14780,7045,742,8,2582,3622,0,781,0.4766576454668471
90240,26413,4372,321,14,1787,19514,39,366,0.1655245523037898
90241,43215,6052,1004,27,3173,32567,0,354,0.14004396621543447
90242,42694,5247,2333,42,2653,31901,139,287,0.12289783107696632
90245,16731,10375,626,0,1701,2709,70,1241,0.6201063893371586
90247,48293,3258,8564,74,11538,23823,281,737,0.06746319342347752
90248,11607,1097,1644,7,3162,5216,97,354,0.09451193245455329
90249,26429,3329,6763,0,4051,10607,144,889,0.12596011956562866
90250,97072,11397,21613,132,7358,53290,452,2292,0.11740769737926487
90254,19539,15235,192,119,1013,1831,63,1086,0.7797226060699115
90255,75019,1082,461,86,298,72937,88,54,0.014423012836748024
90260,34827,5794,3131,57,4417,20198,220,617,0.1663651764435639
90262,70536,1681,5588,227,479,62215,73,178,0.023831802200294884
90263,1838,826,105,0,412,363,0,123,0.44940152339499456
90265,17954,14382,271,38,691,1743,0,802,0.8010471204188482
90266,35500,26018,155,64,4763,2838,47,1581,0.7329014084507042
90270,27287,284,72,8,67,26838,13,5,0.010407886539377726
90272,21629,18041,86,20,1235,1009,43,1189,0.8341116094132878
90274,25061,15645,252,8,6060,2155,39,902,0.6242767646941463
90275,42146,21213,771,71,13109,4360,54,2201,0.5033217861718787
90277,34827,23132,954,84,3728,4777,156,1995,0.6641973181726821
90278,40252,22819,1374,113,6165,6722,375,2622,0.5669035079002286
90280,94642,2735,471,90,510,90459,14,186,0.0288983749286786
90290,5681,4705,127,0,358,336,0,155,0.8281992606935399
90291,26950,18305,1395,50,963,5258,76,903,0.6792207792207792
90292,23549,16341,1703,0,2475,1969,205,800,0.6939148159157501
90293,12728,7851,742,27,1631,1809,94,574,0.6168290383406663
90301,38234,1611,11209,286,799,22927,124,866,0.04213527227075378
90302,30017,2201,12235,32,636,13894,133,876,0.07332511576773162
90303,24374,697,7881,49,358,15028,85,276,0.02859604496594732
90304,25946,435,856,24,883,23083,228,91,0.01676559007168735
90305,15042,392,12138,0,188,1836,44,416,0.026060364313256215
90401,7111,4825,691,11,499,765,0,320,0.6785262269722965
90402,11882,9103,101,0,996,1186,41,455,0.766116815350951
90403,23902,17841,590,0,2321,1784,84,1252,0.746422893481717
90404,22929,10622,1656,23,3178,6398,62,961,0.4632561385145449
90405,28156,18589,968,52,2091,4397,336,1695,0.6602145191078278
90501,41975,8808,2125,94,10441,18434,368,1570,0.20983918999404408
90502,17778,2800,1036,11,6642,6634,239,407,0.15749803127460907
90503,44605,17061,1203,50,18218,5987,123,1588,0.38249075215782985
90504,33410,9057,1051,107,12356,8855,42,1813,0.2710865010475905
90505,37220,15959,855,249,13505,4673,88,1819,0.4287748522299839
90506,0,0,0,0,0,0,0,0,
90601,32053,6449,288,202,2132,22562,54,366,0.20119801578635385
90602,25581,3798,352,50,1005,19685,493,176,0.14846956725694851
90603,21584,8026,187,5,1403,11477,186,300,0.37184951816160117
90604,42911,9446,273,148,2580,29477,291,648,0.22013003658735522
90605,40192,6259,256,219,1900,30447,692,266,0.15572750796178345
90606,32987,2936,210,174,677,28778,33,155,0.0890047594506927
90620,46414,13534,1076,66,14312,15362,57,1548,0.29159305381996814
90621,35598,5614,1293,145,12054,15805,0,381,0.1577054890724198
90623,15662,4045,696,23,7237,3024,12,523,0.2582684203805389
90630,49205,17891,1838,80,17218,9885,242,1911,0.36360126003454935
90631,69064,19304,819,176,8340,39393,58,974,0.2795088613459979
90638,49227,15598,869,101,10509,20769,25,1318,0.3168586344892031
90640,62730,4396,598,139,8428,48537,63,562,0.07007811254583134
90650,105304,10861,4713,178,14247,73429,165,1010,0.10313948188103016
90660,63001,3328,487,57,1666,57125,87,199,0.0528245583403438
90670,16700,2106,588,31,1154,12470,207,135,0.12610778443113774
90680,30531,5755,412,255,9265,14116,63,526,0.1884969375388949
90701,16801,2544,850,54,6083,6694,68,458,0.15141955835962145
90703,50589,7084,4247,128,29775,7037,129,1941,0.1400304414003044
90704,3979,1825,4,0,17,2075,0,57,0.4586579542598643
90706,77195,12260,10009,162,9311,43148,334,1557,0.15881857633266402
90710,28045,4854,3791,0,6062,12011,27,746,0.17307898021037618
90712,31217,10483,3740,108,5777,10143,32,819,0.3358106160105071
90713,28202,13194,1336,28,3630,8041,61,1395,0.4678391603432381
90715,20256,3857,1777,37,5395,8584,0,387,0.19041271721958924
90716,14285,590,577,12,1410,11428,101,167,0.04130206510325516
90717,21508,8415,1273,52,3449,7276,68,893,0.39124976752836155
90720,22261,12809,766,49,3004,4519,28,1048,0.5754009253852028
90723,54513,3004,4804,27,1555,44144,134,475,0.05510612147561132
90731,60659,16589,4087,118,3084,34549,111,2038,0.273479615555812
90732,22780,11002,1239,0,2797,6982,45,625,0.48296751536435467
90740,24307,17063,506,58,2662,3145,41,770,0.7019788538281153
90742,692,593,0,13,11,64,0,11,0.8569364161849711
90743,236,195,6,0,15,5,0,0,0.826271186440678
90744,56880,2211,1571,41,1751,50588,26,498,0.03887130801687764
90745,56930,4100,4044,119,20999,24171,6,1692,0.07201826804848059
90746,27075,1633,17052,96,2192,4848,80,833,0.06031394275161588
90747,0,0,0,0,0,0,0,0,
90755,11545,3347,1286,0,2865,3671,18,337,0.2899090515374621
90802,38962,15265,5444,103,2859,13488,346,1304,0.39179200246393925
90803,32126,22076,1346,33,2462,5174,14,993,0.6871692709954554
90804,39239,10068,4733,180,6291,16810,98,995,0.2565814623206504
90805,95995,7267,17122,355,10095,57540,325,1620,0.07570185947184749
90806,41990,4354,6810,149,7969,21499,291,486,0.10369135508454394
90807,32202,11649,4919,36,4750,9317,192,1186,0.3617477175330725
90808,39330,22067,1748,394,3873,9110,46,1995,0.5610729722857869
90810,37251,2058,3875,40,8640,20401,89,1416,0.055246839011033264
90813,58380,4944,6733,124,7304,37921,17,1089,0.08468653648509764
90814,19685,9633,2372,20,1793,5168,0,553,0.48935737871475743
90815,41312,23608,2431,123,5094,8326,55,1653,0.5714562354763749
90822,133,99,15,0,4,15,0,0,0.7443609022556391
90831,0,0,0,0,0,0,0,0,
91001,37818,13245,9500,68,2052,11305,121,1463,0.35023004918292877
91006,32958,7335,408,61,19910,3910,10,1100,0.2225559803386128
91007,34116,7725,800,22,20214,4479,31,816,0.22643334505803728
91008,1084,579,18,13,312,149,0,13,0.5341328413284133
91010,26380,5371,1559,98,4019,14738,74,503,0.20360121304018194
91011,20301,10970,154,0,6305,2029,44,799,0.5403674695827791
91016,41105,14038,2153,5,6136,17041,59,1247,0.3415156307018611
91020,8633,3977,101,0,1984,2210,0,276,0.4606741573033708
91024,10932,7250,83,8,1593,1572,58,368,0.6631906330040249
91030,25637,10932,796,46,7781,4745,140,1197,0.42641494714670203
91040,20049,12919,233,42,2248,3922,106,579,0.6443712903386702
91042,26966,16379,612,31,2162,7143,83,553,0.607394496773715
91046,158,124,0,0,0,10,0,0,0.7848101265822784
91101,21395,8147,1407,0,5254,5872,53,645,0.3807899041832204
91103,27659,6020,4200,87,2696,13872,65,719,0.21765067428323512
91104,37874,14527,2555,73,3726,15361,157,1294,0.3835612821460633
91105,12617,7428,730,27,2173,1569,58,632,0.5887294919552984
91106,25543,9256,1749,45,5606,7827,101,955,0.3623693379790941
91107,32503,13061,1617,0,7949,8691,155,980,0.4018398301695228
91108,13375,3903,246,0,7979,839,9,372,0.2918130841121495
91201,23281,16162,339,106,1729,4405,38,449,0.694214166058159
91202,23345,15633,753,0,3139,3372,25,423,0.6696508888412936
91203,15410,9047,350,77,2917,2451,16,488,0.5870863075924724
91204,18723,9092,524,6,2547,6334,0,220,0.48560593921914225
91205,37638,22453,632,0,5596,8193,22,700,0.5965513576704394
91206,34739,21547,568,0,6682,4740,31,1155,0.6202538933187484
91207,11031,8688,87,0,967,864,47,378,0.7875985858036443
91208,15860,10083,86,12,2998,1718,0,963,0.635750315258512
91210,529,335,10,0,141,31,0,12,0.6332703213610587
91214,30787,16612,113,14,8770,3884,80,1292,0.5395783934777666
91301,26334,19799,663,7,1934,2920,99,912,0.7518417255259361
91302,26712,20645,318,190,2200,2199,77,1083,0.7728736148547469
91303,31586,6020,914,54,3687,20279,136,493,0.19059076806179953
91304,54361,19240,2685,16,8161,22303,322,1588,0.35393020731774616
91306,49678,13074,1827,91,8244,24805,332,1175,0.2631748460082934
91307,26341,15943,987,24,4366,3810,57,1151,0.6052541665084848
91311,40839,19882,2125,118,6457,10550,299,1313,0.48683856117926494
91316,30499,21991,791,6,2393,4268,11,1039,0.7210400340994787
91320,44968,30056,562,0,5516,7811,33,980,0.6683864081124355
91321,34014,13243,1010,112,2555,16033,26,980,0.38933968365966953
91324,29670,11688,1368,3,5578,10034,109,811,0.39393326592517697
91325,34575,12907,2329,0,5375,13013,108,816,0.3733044107013738
91326,36339,15980,1828,68,12104,4908,64,1367,0.4397479292220479
91330,3257,844,467,0,605,1158,7,156,0.2591341725514277
91331,105458,4781,3080,211,5312,91066,334,623,0.04533558383432267
91335,81824,23333,3132,230,9990,43015,465,1588,0.28516083300743056
91340,36156,1330,490,131,541,33586,22,50,0.036785042593207216
91342,94595,13148,3421,86,4974,72090,110,741,0.1389925471747978
91343,66743,12414,2846,21,9832,39961,227,1308,0.1859970333967607
91344,53613,24693,1783,52,9410,16466,28,1128,0.4605785910133736
91345,19145,3035,158,35,1985,13370,166,143,0.158527030556281
91350,36173,19510,1096,128,4135,10046,174,1003,0.5393525557736433
91351,32711,11924,1049,44,2949,15434,6,1301,0.36452569472043045
91352,47076,9219,697,40,2272,34193,83,572,0.19583227122100433
91354,32544,18131,1254,151,5743,5858,83,1316,0.5571226647000983
91355,30526,18116,982,36,3272,6639,116,1347,0.5934613116687414
91356,29822,20301,1977,5,1716,4298,203,1316,0.6807390517067936
91360,43121,27994,441,139,3188,10032,44,1201,0.6491964472066974
91361,20258,15884,329,47,1295,2103,0,600,0.7840852996347122
91362,36604,24660,471,112,3433,6814,59,1048,0.6736968637307398
91364,27971,19510,1575,67,1883,3891,48,997,0.6975081334239033
91367,45970,29496,1899,90,6328,5911,329,1856,0.6416358494670438
91371,0,0,0,0,0,0,0,0,
91377,13853,9029,191,0,2558,1324,21,713,0.6517721793113405
91381,19390,9841,734,0,4714,2870,0,1231,0.5075296544610624
91384,29212,12974,1784,27,2128,10913,209,1103,0.44413254826783516
91387,42034,17064,2374,45,4120,16645,136,1642,0.40595708236189754
91390,19168,11856,370,122,1368,4954,26,465,0.6185308848080133
91401,39755,17849,2048,8,2085,16385,246,1120,0.4489749717016727
91402,72059,6703,2473,65,10370,51903,196,301,0.09302099668327343
91403,25156,17288,1644,8,1967,3109,32,1093,0.6872316743520432
91405,55506,13087,2561,54,3967,34549,276,988,0.2357763124707239
91406,54890,14422,2348,100,4903,31153,573,1384,0.26274366915649483
91411,26111,9039,1344,0,1948,13098,7,675,0.34617594117421774
91423,33172,22597,2061,12,2013,4850,87,1552,0.681207042083685
91436,15292,12398,237,29,836,1306,31,435,0.8107507193303688
91501,20511,14268,459,37,1484,3165,250,848,0.6956267368728974
91502,10708,4983,295,38,1705,3315,142,230,0.4653530070974972
91504,26749,14517,886,73,3687,6194,679,705,0.542711877079517
91505,30902,16991,1042,183,3560,7614,126,1382,0.5498349621383729
91506,18591,10449,230,127,2225,4986,82,481,0.5620461513635631
91601,36841,17370,2636,52,2645,12775,133,1189,0.4714855731386227
91602,19672,12676,992,29,1652,3367,29,890,0.6443676291175274
91604,32910,24082,1481,87,2658,3149,58,1323,0.7317532664843512
91605,53113,14463,1732,0,4691,31505,86,635,0.27230621505092917
91606,44295,15824,1844,38,2246,23492,44,652,0.3572412236144034
91607,30611,19457,1750,51,1969,6270,93,1017,0.635621181928065
91608,21,0,0,0,0,21,0,0,0.0
91701,39461,19421,1989,59,3150,13594,102,1146,0.4921568130559286
91702,62066,10528,1853,88,6723,41612,77,1084,0.16962588212547933
91706,76930,3110,1007,141,14572,57414,145,179,0.04042636162745353
91708,4009,1219,333,34,851,1197,0,375,0.3040658518333749
91709,80701,23786,2860,275,28142,23202,90,2261,0.29474232041734305
91710,91773,22656,4683,162,12822,48175,69,2580,0.24686999444280996
91711,36777,17854,1842,187,5258,9552,177,1895,0.4854664600157707
91722,34631,5992,711,54,4509,22347,131,831,0.17302416909705176
91723,18521,3932,520,75,1543,12102,103,246,0.21229955186005076
91724,26717,6663,949,66,4375,13998,69,593,0.24939177302840887
91730,72407,21117,9439,469,7999,30616,118,2194,0.291643073183532
91731,30222,1421,106,21,8694,19391,31,121,0.04701872807888293
91732,62905,2214,304,172,18174,41544,92,242,0.03519593037119466
91733,45365,1072,138,61,9344,34252,37,182,0.023630552187809985
91737,25154,11852,1381,6,2979,8047,18,843,0.47117754631470143
91739,39875,11658,3961,13,8110,14589,62,1482,0.2923636363636364
91740,25877,10612,727,175,2548,10895,67,804,0.4100939057850601
91741,26794,14671,228,24,3388,7202,133,1060,0.5475479584981713
91744,85421,3258,914,120,10030,70412,224,248,0.03814050409149975
91745,55202,6601,562,83,22085,25131,184,536,0.119579000760842
91746,29709,966,296,29,3569,24691,68,86,0.03251539937392709
91748,47079,3595,629,152,29437,12518,63,540,0.07636101021686952
91750,34129,16970,1118,55,3057,12273,46,600,0.49723109379120395
91752,35694,7852,1496,28,2586,22635,25,1008,0.21998094917913374
91754,33636,1343,166,65,20526,11029,18,387,0.03992745867522892
91755,26803,997,56,212,18925,6225,0,209,0.03719732865723986
91759,307,269,6,4,0,28,0,0,0.8762214983713354
91761,61425,9980,3076,67,4753,42306,100,1114,0.16247456247456246
91762,61718,10203,2704,271,3662,43578,139,1110,0.16531643928837617
91763,38863,4898,1187,179,4109,27649,70,671,0.12603247304634227
91764,56677,8420,3262,272,3228,40103,146,1063,0.14856114473243115
91765,46593,8414,1888,106,26849,8204,37,1033,0.18058506642628722
91766,72348,5300,2619,155,9121,53974,193,979,0.07325703543981865
91767,50606,7345,3707,212,3809,34423,244,813,0.14514089238430225
91768,35191,4266,1796,72,2460,25931,60,556,0.12122417663607173
91770,62703,2736,240,155,38129,20803,0,635,0.043634275871967845
91773,34007,15667,625,128,4710,11547,26,1134,0.46069926779780634
91775,25004,5127,308,31,12755,6167,143,466,0.20504719244920813
91776,38664,2765,168,23,24569,10652,12,405,0.07151355265880406
91780,35133,5103,217,103,21806,7114,9,599,0.1452480573819486
91784,26090,14021,725,84,3249,6993,29,989,0.5374089689536221
91786,53697,17431,3509,53,3934,26936,215,1547,0.32461776263105946
91789,44440,5051,1489,68,26920,9814,19,973,0.11365886588658866
91790,45444,5325,1122,118,10063,27353,151,953,0.11717718510694482
91791,33397,5013,1263,14,8932,17171,169,826,0.15010330269185854
91792,29619,2012,1909,19,12343,12852,16,405,0.06792936966136602
91801,54768,5052,1234,189,28555,18439,115,983,0.09224364592462753
91803,29567,2431,483,56,14231,11972,35,349,0.08222004261507762
91901,18162,13927,299,221,484,2725,0,493,0.7668208347098338
91902,18896,6064,602,0,2790,8621,28,645,0.32091447925486877
91905,1472,928,87,108,0,254,5,85,0.6304347826086957
91906,4428,2232,48,230,4,1875,0,39,0.5040650406504065
91910,74855,16375,2708,73,7311,46422,23,1697,0.2187562621067397
91911,84026,12476,2373,30,7198,60587,36,899,0.14847785209339967
91913,54114,6981,2852,0,15519,26564,172,1839,0.1290054329748309
91914,17379,2939,1045,6,3880,8583,0,845,0.16911214684389206
91915,33485,4662,1722,23,7702,16479,454,2341,0.13922651933701657
91916,1939,1603,5,21,0,237,8,65,0.8267148014440433
91917,986,322,12,0,99,396,0,13,0.3265720081135903
91931,613,535,0,0,0,78,0,0,0.8727569331158238
91932,26492,8187,1130,152,2277,13525,0,1221,0.3090366903216065
91934,323,131,0,35,0,157,0,0,0.4055727554179567
91935,8550,5705,202,0,416,2022,88,110,0.6672514619883041
91941,31918,18666,2625,16,1721,7290,60,1416,0.5848110783883702
91942,40151,23805,2400,42,2979,9093,31,1687,0.5928868521331971
91945,27236,7608,3992,61,2179,11993,18,1260,0.27933617271258626
91948,130,130,0,0,0,0,0,0,1.0
91950,62859,7287,2658,112,11093,40339,13,1019,0.11592612036462559
91962,2106,1352,19,11,32,621,0,71,0.6419753086419753
91963,1182,401,0,0,0,781,0,0,0.3392554991539763
91977,64750,17993,8140,132,5408,29893,32,2643,0.27788416988416986
91978,10506,4467,1199,36,667,3573,0,553,0.4251856082238721
91980,0,0,0,0,0,0,0,0,
92003,5160,3309,83,13,235,1355,11,154,0.6412790697674419
92004,2299,1605,112,0,1,581,0,0,0.6981296215745977
92007,11417,9427,73,0,354,1287,28,248,0.8256985197512481
92008,27151,19629,163,85,1128,4949,69,1074,0.722956797171375
92009,46612,36667,265,22,3182,4731,171,1503,0.7866429245687806
92010,16346,10641,377,64,2352,2308,0,604,0.6509849504465924
92011,24144,16804,147,0,2409,3849,117,687,0.6959907223326707
92014,13568,10886,185,0,965,974,8,531,0.8023290094339622
92019,43272,29534,1298,126,1152,9191,117,1752,0.6825198742836014
92020,59743,36509,3036,66,2083,15153,497,2265,0.6111008821117119
92021,70148,41539,3272,303,2558,18708,202,2929,0.5921622854536124
92024,51381,39476,413,119,2221,7393,25,1699,0.7682995659874272
92025,52985,17805,1094,215,2182,29977,19,1542,0.3360385014626781
92026,50321,23645,801,476,4623,18981,17,1631,0.4698833489000616
92027,56788,19195,1155,0,4047,30238,185,1771,0.33801155173628233
92028,48173,26329,956,145,1315,18419,55,856,0.5465509725364831
92029,19382,11305,340,12,1594,5047,44,929,0.5832731400268291
92036,2593,2121,56,2,2,333,0,79,0.8179714616274586
92037,38168,27828,672,8,4326,3859,48,1396,0.7290924334521065
92040,46306,34369,818,844,948,7711,45,1360,0.7422148317712608
92054,41807,20405,1791,269,1240,16022,50,1680,0.4880761594948214
92055,11765,6950,1149,147,410,2922,37,52,0.5907352316192095
92056,52337,28570,1190,356,3893,15802,112,2047,0.5458853201368057
92057,60414,25704,3688,135,5621,22886,59,2180,0.4254642963551495
92058,46029,21530,3044,308,2104,16604,41,1880,0.4677485932781507
92059,1464,283,34,510,99,491,0,27,0.19330601092896174
92060,166,166,0,0,0,0,0,0,1.0
92061,2660,701,10,943,53,906,0,47,0.2635338345864662
92064,49805,32189,726,36,5768,8646,137,2229,0.6463005722317037
92065,37505,25251,239,121,743,10067,34,1015,0.6732702306359152
92066,693,562,9,115,0,7,0,0,0.810966810966811
92067,7724,6865,0,0,173,650,0,36,0.8887881926462973
92069,50376,18162,836,191,4606,24488,80,1693,0.3605288232491663
92070,786,350,0,249,4,163,0,20,0.44529262086513993
92071,57710,39692,1258,377,3257,10321,76,2639,0.6877837463177959
92075,12752,9765,96,16,618,1937,0,320,0.7657622333751568
92078,50510,27489,1521,260,4885,14377,92,1776,0.544228865571174
92081,29596,17704,697,22,1890,8170,90,1002,0.5981889444519529
92082,18705,11455,114,925,575,4819,28,768,0.6124031007751938
92083,39509,11435,1390,48,1440,24179,19,638,0.28942772532840616
92084,51619,22337,1441,275,1225,25452,51,793,0.43272825897440864
92086,1543,1105,27,107,54,242,0,8,0.7161373946856773
92091,1313,1055,0,0,146,66,0,46,0.8035034272658035
92101,41159,24188,3678,108,3335,8314,165,1220,0.5876721980611774
92102,44010,9745,3960,179,2811,26227,50,957,0.22142694842081345
92103,34700,23523,1481,81,2253,6114,117,1107,0.6778962536023054
92104,45435,22927,3160,82,2556,14788,47,1616,0.5046109827225707
92105,73623,9463,9801,9,11864,40691,131,1606,0.12853320293929887
92106,20155,14634,611,20,1195,2606,85,862,0.7260729347556437
92107,31223,24126,826,200,1123,3842,32,1029,0.7726996124651699
92108,22280,12239,1688,24,2113,5050,12,1154,0.5493267504488331
92109,47111,35380,622,69,1794,7295,53,1703,0.7509923372460784
92110,30108,19465,1457,79,1917,5978,21,1117,0.6465059120499534
92111,50693,20649,2450,111,9737,15592,156,1834,0.4073343459649261
92113,58408,5541,6319,68,1917,43704,25,732,0.09486714148746747
92114,68851,6454,14133,273,15032,30293,27,2209,0.0937386530333619
92115,64343,25985,7244,117,9064,19165,84,2332,0.4038512347885551
92116,33408,18321,2213,137,1879,9421,8,1412,0.5484015804597702
92117,56983,33505,1462,70,6463,13302,133,1963,0.5879823807100363
92118,22548,17151,588,58,686,3460,40,556,0.7606439595529537
92119,24831,17432,858,60,1420,4285,31,725,0.70202569368934
92120,30550,19988,1508,52,2151,5645,157,1025,0.6542716857610474
92121,4729,2462,51,0,1627,417,6,166,0.5206174666948615
92122,48071,23550,839,219,15705,5619,293,1819,0.4899003557238252
92123,32473,15377,2158,141,5796,6869,148,1730,0.4735318572352416
92124,32600,18390,1730,45,4382,5869,101,2016,0.5641104294478527
92126,82658,23283,3250,204,37092,12786,400,4798,0.28167872438239494
92127,49935,24422,724,185,17010,4602,0,2992,0.4890757985380995
92128,51357,29756,1187,40,11872,5903,261,2134,0.5793952138948926
92129,54762,26604,1267,167,16809,6413,47,3151,0.4858113290237756
92130,56134,30973,461,181,17091,4732,224,2444,0.551768981366017
92131,34727,19131,778,25,9296,3787,21,1659,0.5508969965732715
92132,0,0,0,0,0,0,0,0,
92134,285,95,66,8,12,99,0,5,0.3333333333333333
92135,635,344,77,12,24,142,14,15,0.5417322834645669
92139,36105,4520,4399,8,10097,15120,61,1424,0.1251904168397729
92140,3737,2265,307,32,53,964,0,116,0.6061011506556061
92145,1883,946,85,0,400,372,0,80,0.5023898035050451
92147,518,271,100,0,5,142,0,0,0.5231660231660231
92154,88979,11076,4653,104,10099,60467,58,1600,0.12447880960676115
92155,456,208,66,0,23,146,0,13,0.45614035087719296
92173,31000,801,308,7,539,29252,0,93,0.025838709677419355
92201,65726,14631,2370,55,1036,47072,49,513,0.22260597024008763
92203,31140,15739,507,104,1111,13232,65,382,0.505427103403982
92210,5138,4500,49,0,205,292,0,77,0.8758271701050993
92211,25056,19056,814,60,1082,3307,44,680,0.7605363984674329
92220,33525,12204,2429,1507,1406,15250,240,472,0.3640268456375839
92222,0,0,0,0,0,0,0,0,
92223,55580,21277,4405,433,4103,24037,195,1071,0.3828175602734797
92225,22460,6141,2199,86,492,12825,42,609,0.2734194122885129
92227,27189,3776,316,85,133,22303,52,447,0.13887969399389458
92230,2705,1071,77,267,109,1149,0,32,0.39593345656192236
92231,40064,482,92,22,355,39089,0,24,0.012030750798722045
92233,7509,484,1107,46,51,5657,0,117,0.06445598614995339
92234,54357,16775,1229,264,3132,31851,115,852,0.3086079069853009
92236,45477,814,266,35,93,44192,0,65,0.017899157816038878
92239,227,205,3,0,0,12,0,7,0.9030837004405287
92240,35278,11152,2938,193,917,19314,157,585,0.31611769374681103
92241,7699,4235,36,0,79,3233,0,116,0.5500714378490713
92242,1312,1043,7,40,5,193,0,24,0.7949695121951219
92243,50402,5181,720,63,1119,42759,26,455,0.10279353993889132
92249,7861,63,0,0,63,7735,0,0,0.008014247551202136
92250,8655,1926,98,0,25,6561,0,45,0.22253032928942806
92251,23970,3704,1156,108,509,18280,36,164,0.15452649144764288
92252,9351,6940,69,21,175,1725,27,350,0.7421666131964496
92253,40929,23471,718,25,1411,14179,110,989,0.573456473405165
92254,9779,203,0,0,0,9560,0,16,0.020758768790264854
92256,3100,2531,11,17,19,437,0,85,0.8164516129032258
92257,1281,741,47,9,14,432,0,38,0.5784543325526932
92258,559,98,53,0,0,408,0,0,0.17531305903398928
92259,121,121,0,0,0,0,0,0,1.0
92260,34660,22092,909,61,1548,9337,86,581,0.6373918061165609
92262,28618,15558,1670,116,1280,9229,35,664,0.543643860507373
92264,20072,14037,359,196,1032,4063,34,307,0.6993324033479474
92266,112,112,0,0,0,0,0,0,1.0
92267,6,0,0,0,0,0,0,6,0.0
92268,455,382,0,0,0,73,0,0,0.8395604395604396
92270,18193,14779,429,189,816,1820,0,139,0.8123454075743418
92273,2010,110,27,0,0,1792,0,81,0.05472636815920398
92274,15317,1554,159,68,60,13463,2,11,0.1014558986746752
92275,2632,836,71,8,71,1543,0,79,0.31762917933130697
92276,6748,3124,25,30,76,3483,0,10,0.46295198577356256
92277,23172,12733,2288,195,727,5418,0,1122,0.5494993958225445
92278,4890,3044,266,48,285,1061,0,182,0.6224948875255624
92280,0,0,0,0,0,0,0,0,
92281,2591,318,61,35,10,2114,0,53,0.12273253570050174
92282,1372,580,79,0,49,634,0,30,0.4227405247813411
92283,1684,260,31,728,17,557,0,91,0.1543942992874109
92284,26182,17127,1474,226,373,5887,143,728,0.6541517072798105
92285,2430,1951,50,34,16,336,0,43,0.802880658436214
92301,34250,4317,5976,8,572,22227,28,1073,0.12604379562043797
92304,23,0,0,0,0,23,0,0,0.0
92305,657,520,1,0,0,111,0,25,0.791476407914764
92307,39149,19428,3095,176,632,14557,0,1251,0.49625788653605457
92308,42207,21838,3311,73,1067,14794,18,1038,0.5174023266282844
92309,572,132,0,0,22,416,0,2,0.23076923076923078
92310,9872,4725,1682,24,760,1831,102,748,0.4786264181523501
92311,33454,10256,4663,370,619,15413,89,1717,0.30657021581873617
92313,12547,4709,504,0,826,6146,0,297,0.37530883876623894
92314,11385,7800,67,28,75,3123,0,292,0.6851119894598156
92315,5247,3439,11,54,136,1574,0,25,0.6554221459881837
92316,28704,4028,927,54,285,23179,0,229,0.1403288740245262
92320,8753,5496,103,50,224,2689,0,191,0.6278990060550669
92321,1042,653,7,0,11,323,23,9,0.6266794625719769
92322,672,574,0,0,0,98,0,0,0.8541666666666666
92324,59972,11152,4043,166,3388,40216,280,709,0.18595344494097246
92325,7948,6108,169,99,92,1341,20,119,0.7684952189229995
92327,737,485,139,23,0,90,0,0,0.6580732700135685
92328,438,264,36,24,11,85,6,12,0.6027397260273972
92332,97,97,0,0,0,0,0,0,1.0
92333,392,392,0,0,0,0,0,0,1.0
92335,99306,9355,4104,148,1426,83377,115,507,0.09420377419289871
92336,98346,15466,10477,326,10135,59023,231,2685,0.15726109857035364
92337,39240,3914,3905,40,2239,27589,232,1280,0.09974515800203873
92338,0,0,0,0,0,0,0,0,
92339,1077,923,0,6,0,107,0,17,0.8570102135561746
92341,222,150,0,0,0,72,0,0,0.6756756756756757
92342,6737,4285,482,13,234,1461,0,262,0.6360397803176489
92344,23349,8177,1226,795,1055,11676,0,420,0.3502077176752752
92345,82110,27649,2896,148,1496,48507,165,1172,0.3367312142248204
92346,63857,18147,8214,324,4033,30367,82,1789,0.28418184380725686
92347,702,467,0,0,8,217,0,10,0.6652421652421653
92352,5578,4364,72,76,65,808,0,193,0.7823592685550377
92354,22050,6541,2171,3,6246,5865,90,740,0.2966439909297052
92356,6573,4104,145,91,136,1971,0,117,0.624372432679142
92358,722,527,0,5,9,181,0,0,0.7299168975069252
92359,9170,4115,284,0,491,3766,84,430,0.44874591057797164
92363,5348,3411,148,586,29,1025,9,140,0.6378085265519821
92364,6,6,0,0,0,0,0,0,1.0
92365,2733,1832,115,67,206,484,0,29,0.6703256494694475
92368,1019,374,3,2,14,558,0,68,0.36702649656526004
92371,18269,9861,249,11,443,7145,0,284,0.5397668181071761
92372,6071,3724,0,0,345,1919,0,42,0.6134080052709603
92373,33353,20545,1655,70,2534,7560,29,898,0.6159865679249243
92374,43391,17807,2638,61,3762,17617,103,1318,0.41038464197644675
92376,86085,6729,9197,191,2023,66838,44,1039,0.07816692803624324
92377,20476,3767,3615,0,643,12102,46,286,0.183971478804454
92378,234,89,16,0,0,129,0,0,0.3803418803418803
92382,4462,3285,134,36,79,545,0,345,0.7362169430748543
92384,17,17,0,0,0,0,0,0,1.0
92385,216,208,0,0,0,8,0,0,0.9629629629629629
92386,2248,1617,95,26,0,510,0,0,0.719306049822064
92389,168,142,0,0,0,18,0,6,0.8452380952380952
92391,1959,1098,6,11,52,762,0,30,0.5604900459418071
92392,58393,14809,7917,10,1771,31470,29,2364,0.25360916548216395
92394,34915,5817,6891,137,1641,19071,18,1285,0.16660461119862524
92395,43908,14421,5492,243,1256,21454,54,865,0.3284367313473627
92397,4562,3224,0,13,21,1136,0,162,0.7067075843928101
92398,2195,1089,0,0,0,1033,0,73,0.496127562642369
92399,54268,32177,788,215,1748,18305,6,956,0.592927692194295
92401,2257,250,721,5,105,1150,0,26,0.11076650420912716
92404,62915,10495,7521,224,1506,41761,99,1225,0.16681236589048717
92405,30112,4617,3449,124,605,20276,43,998,0.15332757704569608
92407,68545,12273,7298,49,2898,43650,147,1950,0.17905025895397184
92408,13635,2027,1072,40,1844,8252,9,375,0.14866153281994865
92410,45052,4146,4937,47,1418,33605,31,868,0.09202699103258456
92411,25650,1013,3448,17,774,20011,33,273,0.03949317738791423
92501,21590,6139,1449,59,1069,12273,96,498,0.2843446039833256
92503,95551,23819,4333,310,6545,59104,80,1189,0.24928048895354313
92504,59896,20133,3633,272,2788,32068,94,875,0.3361326298918125
92505,53282,11768,2460,69,3850,33306,277,1331,0.22086258023347471
92506,46241,23963,2133,108,2100,16436,138,1338,0.5182197616833546
92507,59152,14935,4236,455,7303,30090,193,1735,0.2524851230727617
92508,38428,16148,3506,38,4476,12437,146,1524,0.42021442698032685
92509,81383,16068,2750,86,2308,59257,127,711,0.1974368111276311
92518,1021,547,55,0,52,347,0,20,0.5357492654260528
92530,58184,17997,2292,195,1852,34209,281,1239,0.3093118383060635
92532,25923,9822,1957,0,2319,10582,234,997,0.37889133202175673
92536,3076,2507,25,0,0,430,0,84,0.8150195058517555
92539,4557,3204,5,125,220,819,52,88,0.7030941408821593
92543,38314,12672,3217,91,1015,20300,60,878,0.33074072140731847
92544,49923,22831,2212,576,1034,21925,95,956,0.457324279390261
92545,41879,19767,2278,320,1338,16775,61,1268,0.4720026743714033
92548,7859,2819,26,7,30,4623,0,155,0.35869703524621455
92549,2517,1939,106,11,60,394,0,7,0.7703615415176798
92551,34011,3826,6028,41,2075,21415,50,448,0.11249301696509953
92553,76102,8753,12115,73,3187,50591,100,1022,0.11501668812908991
92555,44452,7851,9170,35,3780,21947,257,1323,0.17661747502924502
92557,53406,12360,8082,150,3349,28237,98,1032,0.23143467026176834
92561,1462,1201,14,61,38,123,0,25,0.8214774281805746
92562,64286,35616,2306,132,4128,18499,117,3162,0.5540242043368696
92563,69469,29035,4582,420,8536,22275,197,3835,0.41795621068390215
92567,10648,3604,177,6,25,6670,6,153,0.3384673178061608
92570,60686,10013,3402,111,1023,45368,60,709,0.16499686912961803
92571,57622,4822,6453,24,2482,42976,116,731,0.08368331540036791
92582,17219,5918,1132,95,744,8824,24,482,0.34369010976247166
92583,32697,10115,2091,637,872,18110,61,798,0.3093555983729394
92584,54235,25214,3751,183,3252,19132,296,1949,0.4649027380842629
92585,21907,7142,1388,179,1308,10956,57,746,0.3260145159081572
92586,19472,12056,1238,117,508,4988,10,429,0.6191454396055875
92587,17237,11044,0,33,599,5047,64,429,0.6407147415443523
92590,5154,2116,92,23,284,2604,0,35,0.4105549088086923
92591,41609,21785,2028,53,3460,12464,239,1554,0.5235646134249802
92592,84930,46157,3060,586,7784,22597,132,4049,0.5434710938419876
92595,33649,15814,1325,209,2005,13174,176,859,0.4699693898778567
92596,32256,14108,2444,223,3384,10262,0,1409,0.43737599206349204
92602,23238,7294,128,0,11908,2698,32,1102,0.3138824339444014
92603,19558,9643,113,115,7355,1412,0,920,0.4930463237549852
92604,28990,13669,451,13,10028,3728,31,1070,0.47150741635046567
92606,26171,10063,794,0,10508,3025,88,1402,0.3845095716632914
92610,16360,8409,520,0,4815,1693,12,911,0.513997555012225
92612,33234,14982,1060,0,12038,4051,50,1032,0.4508033941144611
92614,27187,12789,225,81,9762,2806,55,1327,0.47040865119358516
92617,17197,5982,249,29,5766,4203,0,942,0.3478513694248997
92618,48997,18404,494,16,23332,4219,192,2334,0.3756148335612384
92620,52569,17998,947,72,28243,3351,112,1724,0.3423690768323537
92624,6372,4530,73,0,164,1248,28,305,0.7109227871939736
92625,12394,10389,92,0,696,1006,7,204,0.83822817492335
92626,50605,26623,1442,109,6960,13063,200,1670,0.5260942594605276
92627,63161,30557,546,89,2543,27274,258,1586,0.48379538006048034
92629,26877,20070,399,49,1060,4594,34,671,0.7467351266882465
92630,59403,31351,1015,234,9110,15415,111,2123,0.5277679578472467
92637,16053,11556,114,13,3169,929,66,206,0.719865445711082
92646,55870,37735,710,108,6872,7928,179,2068,0.6754071952747449
92647,62199,30526,1304,483,7489,19342,203,2560,0.4907795945272432
92648,46228,31141,318,108,5307,7543,64,1583,0.6736393527732111
92649,35278,23108,335,87,4293,5531,251,1628,0.6550257951131017
92651,24800,20698,194,57,1038,1951,125,737,0.8345967741935484
92653,30012,17301,449,0,4317,6661,16,1250,0.576469412235106
92655,8382,1020,24,0,4503,2615,0,148,0.12168933428775948
92656,52268,30705,1188,83,8129,9478,152,2489,0.5874531261957603
92657,9802,6647,19,22,2089,556,20,434,0.6781269128749234
92660,35446,28730,323,36,2719,2864,99,651,0.8105286915307792
92661,3445,2943,48,0,37,334,0,67,0.8542815674891147
92662,2519,2454,0,0,17,48,0,0,0.9741961095672886
92663,21951,17380,201,17,1006,2726,86,465,0.7917634731902875
92672,34218,25473,176,28,1142,6109,142,1083,0.7444327546905137
92673,30768,23082,320,149,1614,4533,0,1049,0.750195007800312
92675,38803,21989,144,97,1147,14180,0,1228,0.5666829884287298
92676,2068,1600,6,0,46,326,0,90,0.7736943907156673
92677,66314,44223,758,0,6731,10862,522,3042,0.6668727568839159
92678,584,428,2,4,44,87,0,19,0.7328767123287672
92679,32657,24028,395,66,3150,3673,80,1212,0.7357687478947852
92683,91105,21601,1121,209,43801,21992,45,2080,0.2371000493935569
92688,44832,26310,1384,40,5468,9469,83,2070,0.5868576017130621
92691,50839,32460,596,97,5413,10081,97,2012,0.6384862015381891
92692,46800,30785,438,29,5913,7361,64,2046,0.6577991452991453
92694,29570,19687,376,100,3687,4185,17,1488,0.6657761244504565
92701,55058,3699,256,32,2331,48330,110,206,0.06718369719205201
92703,69112,2863,446,23,11827,53666,29,193,0.04142551221206158
92704,88321,8229,621,48,15763,62270,336,927,0.09317149941689971
92705,47298,20946,1219,228,4212,19706,26,948,0.4428517062032221
92706,35748,5889,297,153,3697,25210,16,399,0.16473648875461563
92707,60831,5177,508,100,3948,50159,66,449,0.08510463415035097
92708,56953,24823,404,64,20025,9388,76,2035,0.4358506136638983
92780,59499,19407,1414,103,8201,28474,91,1729,0.3261735491352796
92782,23084,9225,438,0,8830,3623,30,938,0.39962744758274127
92801,66594,11312,2614,272,10918,40348,103,905,0.1698651530167883
92802,42016,7323,808,55,6431,26552,0,677,0.17429074638233055
92804,89915,19064,2988,204,21769,42991,156,1876,0.21202246566201413
92805,74478,10225,843,1,7800,54761,40,670,0.13728886382555922
92806,39442,9573,801,58,5601,22350,62,789,0.24271081588154758
92807,35687,19417,502,21,5608,9213,35,882,0.5440916860481407
92808,20483,11038,531,0,4346,3615,0,937,0.5388859053849534
92821,37712,16370,678,91,7130,12461,64,838,0.4340793381417056
92823,4872,1408,61,0,2121,1010,4,268,0.2889983579638752
92831,37359,14159,940,73,6424,14292,32,1382,0.3789983671939827
92832,25837,7874,1121,124,2433,13228,7,941,0.30475674420404847
92833,52435,11477,837,109,19053,19752,72,1006,0.21888051873748451
92835,23528,11995,324,23,5675,4428,68,987,0.5098180890853451
92840,54735,10291,464,76,18375,24720,35,642,0.18801498127340824
92841,33754,6052,136,182,16078,10500,121,445,0.17929726847188482
92843,46873,4511,194,138,20246,21186,24,463,0.09623877285430844
92844,23189,3156,481,61,14520,4444,25,492,0.13609901246280565
92845,16273,10151,263,15,2376,2940,17,503,0.6237940146254533
92860,26849,14854,1188,51,1162,8928,21,606,0.5532422064136467
92861,5822,3912,27,0,1021,719,25,118,0.6719340432840948
92865,20664,8847,267,72,3119,8023,8,295,0.42813588850174217
92866,15574,8734,65,29,869,5655,0,195,0.5608064723256709
92867,44655,19822,593,128,5040,17558,69,1290,0.44389206135931025
92868,27072,7962,987,32,3545,13554,22,627,0.294104609929078
92869,36846,18462,355,52,4142,12834,54,947,0.5010584595342779
92870,53600,21139,998,11,8979,20945,83,1371,0.39438432835820897
92879,47872,12629,2681,146,5264,25981,157,930,0.2638076537433155
92880,69656,16958,4869,84,16456,27834,191,3134,0.24345354312622028
92881,33531,15680,1951,20,3952,10625,189,1003,0.46762697205570963
92882,73250,24165,2585,103,6614,37481,129,1806,0.3298976109215017
92883,35933,15285,3078,77,4365,12052,56,1001,0.42537500347869645
92886,50784,30382,445,49,9723,8460,101,1573,0.5982592942659105
92887,20012,11067,445,9,4442,3447,14,568,0.5530181890865481
93001,32396,16530,251,273,554,14052,0,688,0.5102481787875046
93003,51629,29932,986,155,2075,16831,109,1533,0.5797516899416995
93004,31525,17124,662,1,1397,11672,32,637,0.543187946074544
93010,46063,25191,1102,123,3850,13878,86,1735,0.5468814449775308
93012,36052,22340,457,172,3965,7861,40,1217,0.6196604904027516
93013,16652,8660,63,0,362,7279,0,288,0.5200576507326448
93015,17989,4273,43,84,163,13166,0,255,0.23753404858524654
93021,38581,21001,559,89,3227,11944,70,1474,0.5443352945750499
93022,7179,4826,1,52,88,2043,0,169,0.6722384733249757
93023,19895,14660,43,51,422,4085,0,611,0.7368685599396834
93030,58422,6843,1434,173,4448,44254,107,1057,0.11713053301838348
93033,84701,4911,2093,49,5343,71230,86,688,0.05798042526062266
93035,29354,13233,625,102,1745,12506,60,1024,0.45080738570552564
93036,48162,8757,1123,37,3298,33545,103,1145,0.18182384452472905
93040,1827,132,23,24,4,1620,0,24,0.0722495894909688
93041,24208,7492,1229,55,919,13721,56,604,0.30948446794448115
93042,118,19,35,0,0,60,0,4,0.16101694915254236
93043,144,0,0,0,0,144,0,0,0.0
93060,33773,6285,95,41,445,26403,68,436,0.1860954016522074
93063,56458,33973,566,216,5778,14267,49,1501,0.6017393460625597
93064,0,0,0,0,0,0,0,0,
93065,71832,42271,1032,28,7102,19279,108,1966,0.5884703196347032
93066,3220,1797,0,0,57,1358,0,8,0.5580745341614907
93067,410,370,0,0,0,40,0,0,0.9024390243902439
93101,31371,14325,537,49,1026,14811,50,573,0.4566319212011093
93103,20538,9896,321,7,720,9261,0,333,0.48183854318823643
93105,28545,19770,254,77,1110,6770,39,525,0.6925906463478718
93108,10401,8655,67,0,409,1029,55,186,0.8321315258148255
93109,10771,7709,166,73,424,2176,9,201,0.715718132021168
93110,16849,10769,358,164,813,4350,51,344,0.6391477239005282
93111,17329,11689,120,8,1028,4111,28,345,0.6745340181199146
93117,58546,28764,1896,32,8806,16905,115,1981,0.49130598162128924
93201,1580,215,4,42,6,1306,0,4,0.1360759493670886
93202,4273,691,302,23,179,2944,0,134,0.16171308214369295
93203,22662,1049,94,47,164,21278,0,30,0.04628894184096726
93204,12961,1274,418,54,22,11110,2,70,0.09829488465396188
93205,2030,1692,0,51,0,235,0,52,0.8334975369458129
93206,1704,313,8,0,0,1326,0,57,0.18368544600938966
93207,256,229,0,19,8,0,0,0,0.89453125
93208,106,85,0,21,0,0,0,0,0.8018867924528302
93210,18336,5528,523,399,409,10981,10,370,0.30148342059336825
93212,23357,3819,2537,157,161,16284,83,296,0.16350558719013572
93215,54958,2992,1991,276,6744,42434,8,448,0.05444157356526802
93218,871,73,0,12,0,781,0,5,0.08381171067738231
93219,10285,100,15,0,554,9614,0,2,0.009722897423432183
93220,65,65,0,0,0,0,0,0,1.0
93221,14129,7339,114,94,409,5980,0,193,0.5194281265482341
93222,1583,1296,0,51,33,143,0,60,0.8186986734049273
93223,10716,1021,66,0,50,9499,72,5,0.09527808883911908
93224,471,367,0,6,2,72,0,24,0.7791932059447984
93225,4782,3736,0,51,54,787,14,140,0.7812630698452531
93226,121,116,5,0,0,0,0,0,0.9586776859504132
93230,67605,25002,2968,402,2685,34363,129,1911,0.3698247171067229
93234,7355,274,21,128,1,6931,0,0,0.03725356900067981
93235,4215,570,0,0,0,3618,0,27,0.13523131672597866
93238,673,527,2,0,19,125,0,0,0.7830609212481426
93239,1246,27,12,0,0,1207,0,0,0.021669341894060994
93240,6327,5311,59,170,59,591,0,137,0.8394183657341552
93241,16397,847,0,0,9,15523,5,13,0.05165579069341953
93242,3474,1015,0,0,127,2314,0,18,0.29217040875071965
93243,1532,682,0,34,163,653,0,0,0.4451697127937337
93244,308,290,0,0,0,18,0,0,0.9415584415584416
93245,38480,16546,2495,646,2385,14797,25,1521,0.429989604989605
93247,18234,3079,73,9,185,14786,0,77,0.16886037073598772
93249,1875,59,0,0,0,1816,0,0,0.031466666666666664
93250,16191,661,156,16,21,15230,0,107,0.04082514977456612
93251,202,116,1,3,12,70,0,0,0.5742574257425742
93252,2488,869,18,23,124,1373,0,81,0.3492765273311897
93254,786,354,6,0,0,410,0,16,0.45038167938931295
93255,691,647,0,16,18,0,0,10,0.9363241678726484
93256,5431,383,244,0,0,4792,0,12,0.07052108267354078
93257,76519,20980,285,948,3218,48875,521,1481,0.2741802689528091
93258,1952,184,0,0,501,1174,0,93,0.0942622950819672
93260,226,156,70,0,0,0,0,0,0.6902654867256637
93261,2434,12,0,0,2,2420,0,0,0.0049301561216105174
93262,53,17,18,0,18,0,0,0,0.32075471698113206
93263,22210,3246,406,32,117,18312,0,97,0.14615038271049077
93265,3379,2753,9,0,0,543,15,59,0.8147380881917727
93266,1337,404,0,0,0,933,0,0,0.3021690351533283
93267,6788,1477,0,0,18,5274,4,15,0.21758986446670595
93268,18731,10013,181,41,263,7728,8,488,0.5345683626074422
93270,5367,1078,5,20,0,4244,0,16,0.20085708962176263
93271,2479,2008,48,16,132,257,0,18,0.8100040338846309
93272,4707,682,0,8,0,4017,0,0,0.14489058848523476
93274,74000,21353,2133,446,1054,47704,110,1092,0.28855405405405404
93276,144,118,0,2,0,15,0,9,0.8194444444444444
93277,52271,23292,1831,351,1570,24397,34,787,0.44560081115723826
93280,28138,2843,1613,92,169,22994,6,391,0.10103774255455256
93283,2261,2086,0,0,0,65,0,110,0.9226006191950464
93285,2477,2153,0,0,0,308,0,16,0.8691966088009689
93286,9906,1738,1,5,203,7824,40,65,0.17544922269331717
93287,72,70,0,0,0,0,0,2,0.9722222222222222
93291,59270,19269,326,294,4139,33836,168,1081,0.32510544963725324
93292,42031,16466,367,136,1483,22312,0,1196,0.3917584639908639
93301,12325,4499,1623,18,274,5380,0,531,0.36503042596348884
93304,49115,9134,6162,113,1227,31863,41,511,0.18597169907360278
93305,37902,6605,2596,100,480,27554,0,567,0.17426521027914094
93306,72280,20770,1583,156,1776,46746,176,914,0.2873547315993359
93307,86832,9363,5743,414,1896,68627,167,469,0.1078289110005528
93308,53981,36652,789,514,737,13099,32,2130,0.6789796409847909
93309,58538,22610,5953,80,2411,25801,88,1555,0.38624483241654994
93311,45481,18313,2422,222,8002,14881,84,1435,0.4026516567357798
93312,61628,35326,1837,236,4336,18159,4,1563,0.5732134743947557
93313,55221,12443,2845,38,6648,31753,98,1373,0.22533094293837488
93314,28963,18275,290,530,1723,7335,15,711,0.6309774539930256
93401,28854,20609,515,54,1192,5663,19,781,0.7142510570458168
93402,16562,12564,31,117,710,2659,14,467,0.758604033329308
93405,35898,22822,2169,211,3325,5807,112,1435,0.6357457239957658
93410,0,0,0,0,0,0,0,0,
93420,30740,23292,247,255,1031,4769,13,1045,0.7577098243331165
93422,33466,25648,276,82,571,5866,53,958,0.7663897687204925
93424,795,677,0,0,60,58,0,0,0.8515723270440252
93426,1568,1097,30,7,25,364,0,45,0.6996173469387755
93427,6200,3825,44,24,60,2115,0,132,0.6169354838709677
93428,5859,4471,33,0,176,1165,0,14,0.7630995050349889
93429,144,0,10,0,0,134,0,0,0.0
93430,2847,2438,4,0,43,275,47,40,0.8563400070249385
93432,1503,1108,0,11,0,384,0,0,0.7371922821024618
93433,13535,8188,221,45,492,4259,0,268,0.6049501292944218
93434,7451,438,31,0,231,6733,0,18,0.05878405583143202
93436,56323,21513,2349,371,1958,28047,98,1833,0.38195763719972303
93437,3387,1728,363,26,158,663,0,436,0.5101860053144376
93440,1659,1046,31,0,82,376,0,71,0.6305003013863774
93441,922,668,0,0,0,181,0,20,0.7245119305856833
93442,10917,8801,135,123,356,1192,0,310,0.8061738572868004
93444,21331,11829,219,40,564,8166,0,461,0.5545450283624771
93445,7106,3065,77,0,475,3298,0,191,0.43132564030396847
93446,44636,28751,353,140,656,13797,142,787,0.644121337037369
93449,8180,6590,229,26,143,995,0,197,0.8056234718826406
93450,767,146,0,0,0,621,0,0,0.19035202086049544
93451,4477,2042,9,131,83,2174,0,38,0.456109001563547
93452,658,138,0,0,16,504,0,0,0.20972644376899696
93453,2578,2274,117,0,0,156,0,31,0.8820791311093871
93454,40432,9277,523,94,1965,27916,77,580,0.22944697269489514
93455,46175,25223,657,257,2072,16250,61,1601,0.5462479696805631
93458,57256,4595,514,12,2325,49565,0,245,0.08025359787620512
93460,5284,3415,23,407,128,1100,20,191,0.6462906888720666
93461,1349,564,11,0,0,756,0,15,0.41808747220163084
93463,7911,5695,74,0,194,1750,0,198,0.7198837062318291
93465,9202,7611,2,275,80,1062,0,172,0.8271028037383178
93501,4802,1666,855,113,35,1964,42,48,0.3469387755102041
93505,13774,5037,3301,67,443,4225,0,669,0.3656889792362422
93510,7644,5529,81,12,236,1621,0,165,0.7233124018838305
93512,328,238,0,71,2,17,0,0,0.725609756097561
93513,1621,899,14,337,19,256,9,86,0.554595928439235
93514,14175,9267,71,1255,280,2986,20,285,0.6537566137566138
93516,2244,1332,66,14,119,536,61,116,0.5935828877005348
93517,641,593,4,20,7,14,0,3,0.9251170046801872
93518,814,626,17,29,5,122,0,15,0.769041769041769
93519,0,0,0,0,0,0,0,0,
93522,100,67,0,0,0,0,0,33,0.67
93523,3556,2341,175,0,151,625,24,240,0.6583239595050618
93524,165,76,36,0,3,33,0,17,0.46060606060606063
93526,629,426,5,105,3,64,0,23,0.6772655007949125
93527,1559,1432,16,0,0,97,0,14,0.9185375240538807
93528,119,119,0,0,0,0,0,0,1.0
93529,390,371,0,0,8,11,0,0,0.9512820512820512
93530,10,10,0,0,0,0,0,0,1.0
93531,338,298,0,0,0,40,0,0,0.8816568047337278
93532,2683,1633,52,31,89,768,0,110,0.6086470368989937
93534,39367,11607,9673,164,1453,15429,27,962,0.2948408565549826
93535,74264,18070,14694,242,2504,36973,94,1680,0.24332112463643218
93536,70237,31423,9847,482,3785,21972,131,2514,0.4473852812620129
93541,244,204,5,0,5,30,0,0,0.8360655737704918
93543,14392,3614,640,177,213,9450,0,298,0.2511117287381879
93544,1164,745,150,0,0,256,0,13,0.6400343642611683
93545,1821,894,2,123,12,782,0,8,0.49093904448105435
93546,9591,5571,24,22,331,3364,96,183,0.5808570534876447
93549,293,263,13,8,9,0,0,0,0.8976109215017065
93550,77506,10694,10280,666,1957,52633,107,1028,0.13797641472918226
93551,50601,20751,5083,180,4390,18638,154,1316,0.41009070966976935
93552,39905,4997,4838,15,1446,28313,12,262,0.1252224032076181
93553,1709,881,18,0,12,727,0,71,0.5155061439438268
93554,125,125,0,0,0,0,0,0,1.0
93555,33833,21937,1904,497,1724,6808,0,950,0.6483906245381728
93558,26,26,0,0,0,0,0,0,1.0
93560,21756,9351,1653,104,291,9205,0,1130,0.42981246552675123
93561,34979,23634,1361,193,537,8166,0,1063,0.6756625403813716
93562,1771,1273,101,0,33,325,0,39,0.7188029361942405
93563,357,242,35,0,10,59,0,11,0.6778711484593838
93591,6744,1857,535,14,39,4227,0,72,0.275355871886121
93592,115,90,0,0,0,25,0,0,0.782608695652174
93601,1674,1580,0,0,0,72,0,22,0.9438470728793309
93602,3530,2705,41,253,25,353,9,139,0.7662889518413598
93603,175,175,0,0,0,0,0,0,1.0
93604,541,489,0,14,3,0,0,35,0.9038817005545287
93605,198,178,0,0,4,16,0,0,0.898989898989899
93606,1035,0,0,0,50,985,0,0,0.0
93608,1280,19,0,0,0,1261,0,0,0.01484375
93609,5177,1236,0,0,280,3522,19,120,0.238748309831949
93610,22724,8697,1513,438,717,10776,73,454,0.38272311212814647
93611,49053,26408,1330,187,5671,13695,180,1492,0.5383564715715654
93612,35140,16095,1345,133,2471,13628,27,1172,0.45802504268639727
93614,11982,9472,132,254,100,1506,57,461,0.7905191120013353
93615,6347,341,47,14,65,5743,0,137,0.053726169844020795
93616,2582,213,0,0,111,2216,0,42,0.08249419054996127
93618,31470,4682,129,47,531,25812,38,228,0.14877661264696537
93619,39473,24794,459,199,4588,8252,165,1016,0.6281255541762724
93620,8906,2033,183,4,80,6249,14,343,0.22827307433191107
93621,136,54,0,0,0,82,0,0,0.39705882352941174
93622,10335,1013,24,0,8,9285,0,5,0.09801644895984518
93623,114,102,0,0,0,7,0,5,0.8947368421052632
93624,871,84,17,46,17,707,0,0,0.09644087256027555
93625,8059,1707,26,17,955,5103,0,250,0.2118128800099268
93626,2427,1229,14,39,386,616,0,143,0.5063864853728883
93627,247,0,0,0,0,247,0,0,0.0
93628,83,83,0,0,0,0,0,0,1.0
93630,20764,3331,94,26,744,16185,127,214,0.160421884030052
93631,16282,7394,38,42,538,7689,29,552,0.45412111534209554
93633,0,0,0,0,0,0,0,0,
93634,22,11,8,0,0,3,0,0,0.5
93635,41180,8722,943,165,1086,29274,8,676,0.2118018455560952
93636,13255,7390,166,315,402,4637,0,340,0.5575254620897775
93637,41108,8794,1373,143,1223,28958,120,497,0.21392429697382503
93638,49932,6218,1574,90,229,41103,0,647,0.12452935992950412
93640,12920,454,297,0,55,12084,0,30,0.03513931888544892
93641,223,201,4,0,0,16,0,2,0.9013452914798207
93643,2783,1920,0,197,54,508,0,104,0.689902982393101
93644,9055,7068,0,57,253,1556,0,121,0.780563224737714
93645,148,148,0,0,0,0,0,0,1.0
93646,11738,724,117,17,0,10851,0,0,0.06168001363094224
93647,11407,441,0,252,755,9830,0,129,0.03866047164022092
93648,16087,307,2,0,37,15702,0,39,0.019083732206129172
93650,3173,762,93,0,128,1967,0,223,0.24015127639457926
93651,1798,1185,0,18,9,419,0,143,0.6590656284760845
93652,540,117,0,0,7,413,0,3,0.21666666666666667
93653,1377,952,3,52,34,179,0,148,0.691358024691358
93654,30373,5923,323,20,1223,21731,0,1121,0.1950087248543114
93656,5806,1643,27,0,2,4041,0,93,0.2829831209094041
93657,35666,8660,28,123,2105,24211,10,529,0.24280827679022038
93660,4090,113,48,0,0,3929,0,0,0.02762836185819071
93662,30725,4067,265,32,1192,24705,22,442,0.13236777868185517
93664,380,347,0,0,3,22,8,0,0.9131578947368421
93665,752,0,128,0,0,624,0,0,0.0
93666,866,81,0,13,0,772,0,0,0.09353348729792148
93667,2405,1846,0,218,10,228,0,103,0.7675675675675676
93668,1219,226,0,0,0,993,0,0,0.18539786710418377
93669,238,214,0,13,0,11,0,0,0.8991596638655462
93673,754,59,0,0,3,670,0,22,0.07824933687002653
93675,3905,2715,29,51,137,973,0,0,0.6952624839948783
93701,10166,1032,705,13,1151,7234,0,31,0.101514853433012
93702,43601,2810,1434,119,5174,33503,0,535,0.0644480631178184
93703,32754,4967,2009,264,4152,20599,0,741,0.15164560053733894
93704,29740,13539,1624,77,1555,12467,36,416,0.45524546065904503
93705,36808,8621,4730,239,1909,20418,83,793,0.23421538795913932
93706,40586,4170,5154,74,3189,27324,5,651,0.10274478884344355
93710,33448,14507,1567,186,3705,12468,95,870,0.4337180100454437
93711,38007,21757,1144,297,3586,10182,133,891,0.5724471807824875
93720,47081,26056,1436,125,6026,11743,80,1528,0.5534291964911535
93721,7650,1637,688,79,252,4761,0,187,0.21398692810457517
93722,84621,21061,8644,405,13886,38142,261,2200,0.24888621027877242
93723,13936,3527,270,0,2409,7208,17,505,0.253085533869116
93725,27214,3112,914,213,3509,18960,238,238,0.1143529065921952
93726,42824,11382,3144,191,4208,22732,104,1026,0.26578554081823275
93727,84449,19102,4360,326,20654,38135,53,1704,0.22619569207450652
93728,16574,4374,1020,95,230,10595,10,176,0.2639073247254736
93730,12770,7471,202,0,2749,1780,11,545,0.5850430696945967
93901,28194,8863,296,42,1359,16786,36,797,0.31435766475136556
93905,60531,1779,333,38,1433,56660,6,282,0.029389899390395005
93906,64348,8947,1228,212,4370,48556,170,829,0.139040840430161
93907,23299,8298,460,54,1605,11525,41,1096,0.3561526245761621
93908,12398,7713,12,0,580,3778,6,253,0.6221164703984514
93920,1545,863,0,0,0,682,0,0,0.5585760517799353
93921,3316,2870,2,0,149,203,0,92,0.8655006031363088
93923,12837,10591,88,0,663,969,0,304,0.8250370024148944
93924,6514,5089,20,35,70,1081,0,219,0.7812404052809334
93925,2073,137,0,0,3,1927,6,0,0.06608779546550893
93926,9171,490,31,19,267,8311,0,20,0.05342928797295824
93927,18812,1586,175,14,139,16706,33,159,0.08430788858175632
93928,854,387,86,0,71,213,0,97,0.4531615925058548
93930,17067,2498,144,0,241,13874,0,310,0.1463643288217027
93932,709,619,24,0,19,47,0,0,0.8730606488011283
93933,25442,9734,1505,35,3853,7756,25,2193,0.3825957078846003
93940,32236,21788,1173,78,2605,5011,68,1461,0.6758903089713364
93943,0,0,0,0,0,0,0,0,
93950,15547,12275,143,25,869,1530,0,705,0.7895413906219849
93953,4028,2968,47,0,619,307,0,87,0.7368421052631579
93954,551,62,0,0,0,487,0,2,0.11252268602540835
93955,34566,11185,2348,61,3352,14690,88,1964,0.3235838685413412
93960,26966,3737,2417,72,449,19571,0,628,0.138581917970778
93962,414,300,0,0,0,114,0,0,0.7246376811594203
94002,27155,14644,281,61,7423,3297,75,1117,0.5392745350764132
94005,4697,2057,131,0,1506,806,20,177,0.4379391100702576
94010,42760,23065,491,0,12315,4375,203,2252,0.5394059869036483
94014,49170,4060,1083,52,26240,15906,32,1432,0.08257067317470002
94015,65041,10242,2413,77,38371,10739,195,1996,0.15746990359926816
94019,20512,13366,87,33,1120,5407,24,410,0.6516185647425897
94020,1697,1520,1,0,13,93,0,61,0.8956982911019447
94021,511,441,0,0,0,70,0,0,0.863013698630137
94022,19406,11704,116,2,6026,641,65,840,0.603112439451716
94024,23675,13592,86,40,7375,1299,59,1224,0.5741077085533263
94025,43392,25669,1537,160,6212,7147,163,1805,0.5915606563421829
94027,7415,5067,57,0,1617,315,10,325,0.6833445718138907
94028,7125,5875,17,3,487,437,0,306,0.8245614035087719
94030,22625,7659,139,21,11043,2570,217,968,0.3385193370165746
94037,2504,2156,0,0,38,102,61,147,0.8610223642172524
94038,3450,2105,17,7,102,941,0,278,0.6101449275362318
94040,36526,15172,432,77,12718,6750,55,1221,0.41537534906641843
94041,14572,6962,301,0,3761,3032,72,414,0.4777655778204776
94043,31161,14115,842,58,9500,4869,191,1493,0.4529700587272552
94044,38984,20257,895,60,7707,7309,85,1909,0.5196234352554895
94060,926,656,0,0,21,181,47,21,0.7084233261339092
94061,39023,19060,420,101,3608,14316,47,1206,0.48842990031519873
94062,28423,20704,294,54,2315,3954,137,857,0.728424163529536
94063,34867,7642,831,58,2673,22590,186,538,0.21917572489746753
94065,12461,5235,99,40,5144,916,59,889,0.4201107455260413
94066,43101,14124,414,40,13284,11542,363,2078,0.32769541309946404
94070,31074,21157,206,2,4886,2821,247,1715,0.6808585956104782
94074,170,59,0,0,0,49,7,55,0.34705882352941175
94080,67600,13548,1198,51,27221,22491,108,2269,0.20041420118343195
94085,23223,5319,415,101,9207,7202,62,826,0.22904017568789561
94086,50477,15112,764,79,23197,8888,211,2205,0.2993838778057333
94087,56668,20727,569,139,28051,4405,81,2470,0.36576198207101007
94089,22882,5923,556,0,10573,5058,20,725,0.25884975089590073
94102,31392,10987,3091,324,9012,6460,136,1279,0.349993628950051
94103,30703,10308,2652,83,9382,6381,219,1512,0.3357326645604664
94104,429,132,6,0,208,50,28,5,0.3076923076923077
94105,10916,4377,30,0,5223,739,0,511,0.40097105166727737
94107,31461,14712,1601,39,9991,3467,43,1577,0.46762658529608087
94108,14143,4609,294,44,7881,752,84,432,0.32588559711518067
94109,57302,30704,2544,55,15265,6378,194,2135,0.535827719800356
94110,72380,31664,2387,252,10642,24202,279,2932,0.43746891406465876
94111,3611,1710,252,0,1090,275,27,257,0.47355303240099694
94112,84707,12868,2580,126,43200,23481,128,2208,0.15191188449596846
94114,34918,24207,788,38,4863,3121,112,1738,0.6932527636176185
94115,34604,17756,3412,103,7658,2854,350,2409,0.5131198705351983
94116,47346,15531,880,34,24788,3632,201,2179,0.3280319351159549
94117,44650,29985,2119,17,5655,4391,237,2197,0.6715565509518477
94118,42095,21835,819,43,13829,3278,68,2216,0.5187076849982183
94121,43616,18177,879,11,18829,2882,131,2618,0.41675073367571536
94122,62128,23397,1253,121,28236,5168,118,3328,0.37659348441926344
94123,25890,20177,295,50,2673,1919,77,674,0.7793356508304364
94124,35747,2761,9562,24,12972,8698,42,959,0.07723725067837861
94127,21151,10794,494,47,6688,2143,88,883,0.5103304808283297
94128,146,64,0,10,0,40,0,25,0.4383561643835616
94129,4136,2845,89,55,342,588,0,217,0.687862669245648
94130,3008,840,669,25,310,783,106,194,0.27925531914893614
94131,29523,16698,1322,0,5776,3884,261,1544,0.5655929275480134
94132,31436,9345,2163,60,13024,5076,471,1250,0.2972706451202443
94133,26796,10260,335,41,13583,1800,69,686,0.38289296909986564
94134,42418,4435,3193,42,23657,9492,41,994,0.10455467018718469
94158,8455,3309,73,0,3331,1420,116,206,0.3913660555884092
94301,16582,10668,296,60,3792,835,198,732,0.6433482089012182
94303,48244,12226,3427,15,8769,20270,153,1981,0.25342011441837325
94304,3852,2491,97,0,867,250,0,147,0.6466770508826584
94305,16397,7551,497,32,4546,2615,39,1091,0.4605110690980057
94306,27435,14099,576,69,9704,1862,56,1069,0.5139055950428285
94401,36001,10327,1024,84,6743,13962,107,1776,0.2868531429682509
94402,25703,14330,265,15,6116,3553,70,1248,0.5575224681943742
94403,44408,18882,694,166,12536,8720,390,2487,0.4251936588002162
94404,36985,14226,899,53,17066,3064,39,1584,0.3846424226037583
94501,63821,28140,5122,182,17139,8801,307,3921,0.4409207000830448
94502,14701,5399,532,22,6352,1250,62,1024,0.367253928304197
94503,20276,4348,1538,127,7340,5671,51,1082,0.21444071809035312
94505,16382,11182,793,7,981,2879,25,515,0.6825784397509461
94506,25240,15236,334,0,6374,2032,88,1131,0.6036450079239303
94507,15105,12088,43,8,1360,1037,83,476,0.8002648129758358
94508,3935,2035,291,19,508,924,32,111,0.5171537484116899
94509,68166,20633,13288,224,5225,25322,129,3209,0.3026875568465217
94510,28350,18497,908,0,3157,3613,196,1911,0.6524514991181658
94511,2161,1436,50,0,27,627,0,21,0.6645071726052754
94512,16,16,0,0,0,0,0,0,1.0
94513,64313,34084,4818,314,6558,14738,136,3369,0.5299706124733724
94514,1475,909,43,21,21,470,0,11,0.616271186440678
94515,7491,4721,0,0,160,2441,5,146,0.6302229341876919
94516,103,90,0,1,0,7,0,5,0.8737864077669902
94517,13687,10194,372,28,948,1413,3,729,0.7447943303864981
94518,28734,15479,842,20,3336,7384,93,1568,0.5386997981485349
94519,20041,9837,529,46,2640,5623,93,1140,0.49084377027094456
94520,38753,11424,1792,54,4868,18333,54,1795,0.29479008076794055
94521,43281,27271,963,46,5294,7480,43,2032,0.6300917261615951
94523,35005,22459,736,23,4332,5126,193,1871,0.6415940579917154
94525,3290,2112,229,26,87,662,28,146,0.6419452887537994
94526,33135,25937,349,6,3769,2039,49,965,0.7827674664252301
94528,384,384,0,0,0,0,0,0,1.0
94530,26145,12315,1316,116,7751,2890,97,1499,0.4710269650028686
94531,43022,10238,10143,18,7449,11580,168,2731,0.2379712705127609
94533,75909,20010,12501,372,11005,26507,148,4334,0.26360510611389953
94534,39239,16949,4109,109,8203,6946,59,2484,0.43194271005887
94535,3842,2076,609,0,171,651,0,243,0.5403435710567412
94536,74837,20989,2549,223,35639,12046,178,2523,0.28046287264321124
94538,67474,12495,2822,378,35416,13001,226,2521,0.18518244064380354
94539,54982,8492,594,187,41370,2293,282,1424,0.15445054745189335
94541,65928,13528,8794,105,12008,28031,181,2219,0.20519354447275817
94542,14699,4228,1494,46,3945,3831,24,957,0.28763861487175996
94544,79747,10740,6206,300,19125,38112,250,3524,0.13467591257351375
94545,32724,4721,2453,156,12526,9959,65,1655,0.1442672044982276
94546,44378,21994,2734,243,10075,6617,125,2440,0.4956059308666456
94547,25616,4901,3832,16,11392,4053,97,1176,0.1913257339163023
94548,377,256,0,0,0,121,0,0,0.6790450928381963
94549,29795,22316,239,16,3405,2497,27,1286,0.7489847289813727
94550,50374,34150,714,83,5044,7932,78,2042,0.6779290904037797
94551,47227,23524,975,47,10112,10286,6,2176,0.49810489762212296
94552,14938,5024,979,10,6401,1645,20,761,0.3363234703440889
94553,49784,31626,1505,98,4588,9297,141,2428,0.6352643419572553
94555,38478,5607,996,72,27159,3021,30,1241,0.14571963199750507
94556,16428,11803,62,0,2647,1029,41,699,0.7184684684684685
94558,68315,39494,580,183,2177,24076,278,1461,0.578116079923882
94559,27593,14447,200,69,713,11353,73,672,0.5235748197006487
94560,47171,11168,1818,130,15586,16392,81,1580,0.2367556337580293
94561,42473,17832,3779,184,2695,15021,103,2467,0.4198431945000353
94563,19644,14137,229,0,3152,1043,17,1005,0.7196599470576257
94564,19260,6315,2245,23,5199,4119,172,1159,0.3278816199376947
94565,97671,17205,13165,285,13924,47592,416,4506,0.1761525939122155
94566,45893,26292,692,80,12333,4578,138,1705,0.5728978275554006
94567,658,402,0,0,0,253,0,3,0.6109422492401215
94568,55608,19445,2148,184,24776,6014,166,2683,0.3496799021723493
94569,180,180,0,0,0,0,0,0,1.0
94571,10605,6896,678,28,593,2143,17,169,0.6502593116454503
94572,10384,2356,1504,0,2114,3349,78,885,0.22688751926040063
94573,36,12,0,0,0,24,0,0,0.3333333333333333
94574,8757,5831,96,0,190,2461,87,92,0.6658673061550759
94575,1178,509,41,14,151,323,0,111,0.43208828522920206
94576,105,90,0,0,13,2,0,0,0.8571428571428571
94577,47682,12131,5480,115,13733,13734,201,1805,0.25441466381443734
94578,41865,6775,7064,120,10997,15028,305,1437,0.16182969067239938
94579,21883,5166,790,200,10572,4040,0,724,0.23607366448841566
94580,30488,6388,1218,120,8586,12686,125,1020,0.20952505903962215
94582,42576,12077,976,41,24997,2155,36,2195,0.2836574596016535
94583,35231,17874,729,149,11062,3322,28,1898,0.5073372881837018
94585,29525,7717,6121,101,5790,7940,136,1608,0.26137171888230315
94586,831,678,4,0,97,44,0,8,0.8158844765342961
94587,74722,11544,3656,171,39663,15108,32,3403,0.15449265276625357
94588,37253,15521,774,153,16021,3158,0,1316,0.4166375862346657
94589,31536,5514,6339,26,7643,10051,106,1386,0.17484779299847794
94590,37280,9677,9575,53,3730,12213,124,1604,0.2595761802575107
94591,55157,14977,8450,43,16664,10903,463,3239,0.27153398480700547
94592,952,276,111,0,396,92,0,60,0.28991596638655465
94595,18117,14942,331,15,1661,870,32,243,0.8247502345863001
94596,21700,15131,333,18,2779,2021,52,1263,0.6972811059907834
94597,23108,14461,489,28,4118,2572,34,1289,0.6258005885407651
94598,27831,17828,569,0,4885,2891,16,1489,0.6405806474794294
94599,3108,2304,75,9,95,516,0,109,0.7413127413127413
94601,53039,5182,9713,171,8718,27546,87,1442,0.09770169120835612
94602,30162,12072,4499,150,5883,5415,272,1735,0.4002387109608116
94603,35862,1231,10423,90,2092,20873,94,874,0.034326027550052984
94605,43399,7617,19451,66,3015,10099,248,2744,0.17551095647365147
94606,38220,8168,6417,256,13796,7711,201,1435,0.21371009942438512
94607,26823,6415,8240,165,7263,3587,54,970,0.23916042202587331
94608,31013,12673,7061,108,4917,3907,122,2031,0.40863508851126945
94609,23726,9873,5284,79,2939,3280,133,2089,0.4161257691983478
94610,31936,16315,5890,22,4414,3393,98,1800,0.5108654809619239
94611,38975,24890,2326,115,5836,2867,154,2535,0.6386144964720974
94612,15785,5193,4024,119,3830,1618,75,871,0.32898321191004115
94613,855,280,29,0,240,253,0,50,0.32748538011695905
94618,17252,11821,603,12,2221,1524,150,865,0.6851959193137027
94619,24112,8250,5496,99,4145,4391,82,1616,0.34215328467153283
94621,35035,1403,11166,22,960,20150,99,602,0.040045668617097185
94702,16860,8116,2807,17,2319,2246,28,1277,0.4813760379596679
94703,21697,11559,2570,32,3369,2701,68,1379,0.5327464626446052
94704,29597,11689,1523,165,10775,3647,14,1492,0.39493867621718415
94705,13527,9768,506,17,1512,1005,55,664,0.722111332889776
94706,21218,9511,624,126,6011,3188,378,1296,0.4482514845885569
94707,11767,8592,219,11,1157,829,45,902,0.7301776153650038
94708,11394,8671,270,9,1424,483,18,501,0.7610145690714412
94709,11951,6585,219,15,3317,1213,18,553,0.5509999163249937
94710,7893,3542,1276,25,715,1589,31,612,0.44875205878626634
94720,2845,859,48,0,1428,401,0,102,0.30193321616871704
94801,31210,3761,4493,123,3282,18936,63,537,0.12050624799743671
94803,25893,8719,3260,25,5890,6350,58,1475,0.3367319352720813
94804,40931,6908,10307,136,4763,16651,382,1619,0.16877183552808384
94805,14188,4649,1951,8,2157,4776,5,607,0.32767127149703973
94806,64286,7475,9089,133,11389,33148,577,2124,0.11627726098995116
94850,0,0,0,0,0,0,0,0,
94901,41713,22449,522,6,2154,15445,203,930,0.5381775465682161
94903,30427,20918,472,72,2634,4248,175,1852,0.687481513129786
94904,12994,10113,123,0,759,1533,89,363,0.7782822841311374
94920,12740,10646,127,15,442,837,233,440,0.83563579277865
94922,1075,743,19,41,0,24,0,226,0.6911627906976744
94923,808,755,0,0,0,53,0,0,0.9344059405940595
94924,1127,965,0,0,22,48,0,92,0.8562555456965395
94925,9838,7719,228,0,604,697,153,437,0.7846106932303314
94928,44323,26765,981,0,3029,12072,128,1340,0.6038625544299799
94929,254,209,0,0,0,45,0,0,0.8228346456692913
94930,8728,7255,34,0,370,701,0,339,0.8312328139321723
94931,8926,6880,46,0,137,1481,49,308,0.770781985211741
94933,837,470,3,0,16,332,0,16,0.5615292712066906
94937,742,634,0,0,0,101,7,0,0.8544474393530997
94938,920,879,0,0,0,0,0,41,0.9554347826086956
94939,6747,5903,24,44,181,252,19,324,0.874907366236846
94940,287,204,0,74,0,9,0,0,0.710801393728223
94941,32009,26487,324,0,2032,1741,103,1300,0.8274860195569996
94945,19043,12793,549,0,1115,3733,330,523,0.6717954103870188
94946,658,547,0,0,5,106,0,0,0.831306990881459
94947,25867,17560,496,68,1732,4609,210,1165,0.6788572312212472
94949,18695,11364,925,42,1783,3001,741,804,0.6078630649906392
94950,123,106,17,0,0,0,0,0,0.8617886178861789
94951,4574,3053,43,0,176,1213,0,89,0.6674682990817665
94952,35503,26206,293,51,912,6568,177,1268,0.7381348055093936
94954,38763,25874,445,46,1997,8716,321,1333,0.6674921961664474
94956,1146,1045,0,0,0,96,0,5,0.9118673647469459
94957,1219,1070,11,0,74,64,0,0,0.8777686628383922
94960,15868,13674,96,0,491,1213,32,362,0.8617343080413411
94963,404,388,0,0,0,16,0,0,0.9603960396039604
94964,3155,660,790,79,216,1107,0,251,0.2091917591125198
94965,11394,8213,786,16,446,1410,42,481,0.7208179743724767
94970,698,631,0,0,0,42,0,25,0.9040114613180515
94971,226,197,0,0,29,0,0,0,0.8716814159292036
94972,25,25,0,0,0,0,0,0,1.0
94973,1228,1172,0,22,0,24,0,0,0.9543973941368078
95002,2348,476,122,35,326,1381,0,8,0.20272572402044292
95003,25185,19821,196,44,843,3524,52,705,0.7870160810005956
95004,4218,2190,34,0,44,1919,0,31,0.519203413940256
95005,7661,6418,45,0,100,796,0,302,0.8377496410390288
95006,9632,7781,60,37,117,1143,11,451,0.807828073089701
95007,374,332,0,0,0,21,0,21,0.8877005347593583
95008,46352,24068,1256,144,9916,8753,85,1929,0.519244045564377
95010,8856,6098,58,9,319,1830,0,542,0.688572719060524
95012,10780,980,61,0,287,9393,0,59,0.09090909090909091
95013,85,33,0,0,0,52,0,0,0.38823529411764707
95014,61866,15522,604,38,41701,2007,49,1752,0.25089710018426925
95017,681,380,0,0,27,244,9,21,0.5580029368575624
95018,6841,5858,43,9,143,529,22,237,0.8563075573746528
95019,7368,522,34,0,146,6666,0,0,0.07084690553745929
95020,64833,19406,787,146,5942,36820,0,1732,0.299322875696019
95023,53423,17105,448,186,1585,33059,101,914,0.3201804466241132
95030,13481,10468,75,0,1672,940,0,326,0.776500259624657
95032,26047,17894,273,10,4229,2222,0,1387,0.6869889046723231
95033,9511,8160,9,0,519,388,30,365,0.8579539480601409
95035,79655,8954,2652,181,53015,11317,29,3250,0.11240976712070805
95037,51994,25490,821,13,6719,16609,97,2200,0.4902488748701773
95039,1074,189,0,0,25,860,0,0,0.17597765363128492
95041,436,146,0,0,0,290,0,0,0.3348623853211009
95043,731,466,6,0,2,227,0,30,0.6374829001367989
95045,4217,1832,0,0,165,2124,0,85,0.4344320607066635
95046,5918,2530,69,0,222,2793,22,247,0.4275092936802974
95050,38699,15044,1367,0,10280,9574,63,2079,0.3887438951910902
95051,59851,17284,1179,170,29529,8980,224,1935,0.2887838131359543
95053,3862,2105,110,0,727,673,56,191,0.5450543759709995
95054,24524,5485,1031,13,14110,2889,2,981,0.22365845702169304
95060,47801,32081,952,99,3219,8948,169,2303,0.6711365871006882
95062,36737,24591,328,160,1184,9323,100,1030,0.6693796445000952
95064,10486,3430,255,11,3030,3002,61,635,0.32710280373831774
95065,8491,5768,74,4,267,2001,29,348,0.6793075020610058
95066,15341,11968,71,0,927,1718,111,546,0.7801316732937879
95070,31196,13987,144,123,14753,944,60,1185,0.4483587639440954
95073,11013,8797,32,7,231,1414,13,519,0.7987832561518206
95075,459,326,0,0,2,120,0,11,0.710239651416122
95076,86905,21737,401,148,1836,61327,106,1300,0.25012369829123754
95110,19928,4084,533,45,2721,11729,299,505,0.20493777599357688
95111,61830,5847,1182,150,21847,30746,66,1648,0.0945657447840854
95112,62228,13924,2873,131,15801,26446,148,2533,0.22375779391913608
95113,2107,966,191,0,590,322,0,38,0.4584717607973422
95116,55825,3820,1354,72,13267,35914,136,1036,0.06842812360053739
95117,30369,10683,2237,2,7905,8528,305,551,0.3517731897658797
95118,32421,16345,601,65,6592,6902,72,1762,0.5041485456956911
95119,10027,3963,362,59,2205,2963,0,475,0.3952328712476314
95120,38122,18646,741,103,13866,2700,214,1834,0.4891138974870154
95121,37531,3433,1191,144,21947,9915,62,679,0.09147105059817218
95122,56121,1838,641,72,19848,32475,154,483,0.0327506637444094
95123,68766,26962,2434,115,16039,19591,208,3327,0.3920832969781578
95124,51455,28323,768,78,11186,8862,69,2169,0.5504421339034108
95125,53155,28775,1016,136,7477,13159,228,2178,0.5413413601730788
95126,36206,13842,1968,79,5972,11585,246,2499,0.38231232392421144
95127,66256,8595,936,55,15845,38826,31,1689,0.12972410045882637
95128,36975,13520,1579,128,6010,13856,210,1432,0.3656524678837052
95129,39741,9900,679,63,25356,2453,108,1182,0.2491130067185023
95130,14660,6649,260,0,4761,2237,111,596,0.45354706684856755
95131,31236,3141,804,48,21685,4675,126,638,0.10055704955820208
95132,41790,5696,627,32,27696,6457,92,1166,0.13630055037090213
95133,28565,2642,462,93,17471,7323,29,463,0.09249081043234728
95134,29349,6820,1442,0,16396,3384,147,827,0.2323758901495792
95135,22015,5947,322,38,12490,2536,7,619,0.2701339995457642
95136,47476,15573,2110,104,13301,13785,505,1872,0.32801836717499366
95138,20674,4864,425,19,10442,4200,35,646,0.23527135532552965
95139,7363,3223,95,0,1489,2100,0,456,0.43772918647290504
95140,102,73,15,0,0,14,0,0,0.7156862745098039
95148,48273,4406,1156,0,29145,12606,38,716,0.09127255401570236
95202,6066,1200,1221,47,769,2672,0,157,0.19782393669634027
95203,15487,3372,1887,58,729,8973,0,425,0.21773100019371086
95204,28667,9994,2133,81,2390,12747,26,1296,0.3486238532110092
95205,38350,4815,2585,65,2769,27452,25,556,0.12555410691003913
95206,64250,4912,7110,24,10279,39240,132,2461,0.07645136186770428
95207,52269,14526,6382,112,8240,20617,46,2203,0.27790851173735864
95209,44980,13808,3693,155,10389,14370,49,2386,0.306980880391285
95210,41509,5827,5259,44,13150,14791,215,1674,0.14037919487340095
95211,1624,898,54,7,446,172,4,43,0.5529556650246306
95212,29426,6486,1980,52,11646,7731,123,861,0.22041731801807926
95215,24326,6670,1051,98,612,15514,15,275,0.27419222231357393
95219,29270,11438,3035,0,6114,7122,85,1476,0.3907755380936112
95220,7576,4694,0,15,256,2439,0,172,0.6195881731784583
95222,5029,4149,0,63,14,482,34,287,0.8250149135016902
95223,2666,2506,0,0,37,103,0,15,0.9399849962490623
95224,167,122,0,0,0,37,0,8,0.7305389221556886
95225,378,266,0,0,23,61,0,28,0.7037037037037037
95226,0,0,0,0,0,0,0,0,
95227,654,427,0,10,0,196,0,21,0.6529051987767585
95228,4541,3789,84,0,57,523,0,88,0.8343977097555605
95230,840,397,0,0,64,379,0,0,0.4726190476190476
95231,5165,1102,462,51,200,3256,0,58,0.21335914811229428
95232,161,161,0,0,0,0,0,0,1.0
95233,548,517,0,0,0,31,0,0,0.9434306569343066
95234,0,0,0,0,0,0,0,0,
95236,4199,2308,48,14,31,1727,0,71,0.5496546796856394
95237,3639,2242,3,0,12,1308,0,74,0.6161033250893102
95240,48799,19984,688,178,4810,21923,0,996,0.4095165884546815
95242,26409,17058,495,26,1887,6070,19,854,0.6459161649437691
95245,1717,1261,5,14,65,338,0,34,0.7344205008736168
95246,1159,979,0,21,0,159,0,0,0.8446937014667817
95247,4024,3419,41,17,12,419,0,111,0.8496520874751491
95248,106,106,0,0,0,0,0,0,1.0
95249,5444,4125,50,1,111,499,0,658,0.7577149155033064
95250,0,0,0,0,0,0,0,0,
95251,625,509,0,0,0,58,0,58,0.8144
95252,16262,12780,131,29,303,2436,0,583,0.785881195424917
95254,1035,779,0,0,44,212,0,0,0.7526570048309179
95255,1289,1122,0,39,18,61,0,40,0.8704422032583398
95257,407,302,0,0,0,67,21,17,0.742014742014742
95258,3599,2414,135,62,156,697,8,127,0.6707418727424285
95301,39186,14158,1779,171,2278,19936,16,805,0.3613025059970398
95303,1110,548,0,11,81,467,0,3,0.4936936936936937
95304,14282,5518,1250,92,1271,4991,21,1104,0.3863604537179667
95305,0,0,0,0,0,0,0,0,
95306,654,622,0,5,0,27,0,0,0.9510703363914373
95307,46283,12061,1544,348,2739,28157,154,1065,0.2605924421493853
95310,1874,1731,0,0,0,130,0,13,0.923692636072572
95311,1893,1442,16,4,12,333,0,86,0.7617538298996303
95312,276,121,0,0,0,155,0,0,0.4384057971014493
95313,1305,455,0,23,0,827,0,0,0.3486590038314176
95314,95,56,0,0,0,29,0,10,0.5894736842105263
95315,14520,2735,14,133,552,10915,0,171,0.18836088154269973
95316,7022,4530,0,0,223,2172,0,97,0.6451153517516377
95317,1203,277,0,0,0,901,12,13,0.23025768911055694
95318,220,220,0,0,0,0,0,0,1.0
95319,1745,497,39,21,0,1188,0,0,0.2848137535816619
95320,12822,9142,41,29,144,3302,0,155,0.7129932927780378
95321,3541,3122,0,106,45,167,0,94,0.8816718441118329
95322,10373,3491,20,121,105,6529,0,87,0.3365468042032199
95323,1299,837,0,0,31,421,0,10,0.6443418013856813
95324,8380,5425,0,35,16,2604,0,300,0.6473747016706444
95325,78,51,0,0,0,27,0,0,0.6538461538461539
95326,10147,6439,36,91,584,2820,0,141,0.6345717946190993
95327,7918,5263,700,202,113,1400,7,187,0.6646880525385198
95328,4480,757,23,0,49,3562,35,54,0.1689732142857143
95329,2570,1878,122,0,0,455,0,75,0.7307392996108949
95330,22760,4651,1332,11,5960,9851,26,791,0.20434973637961334
95333,2539,588,34,0,49,1849,0,19,0.2315872390705002
95334,17057,2016,38,7,3044,11811,0,141,0.1181919446561529
95335,153,91,0,0,62,0,0,0,0.5947712418300654
95336,47855,21540,1860,129,1850,20223,74,1912,0.4501097064047644
95337,39177,13941,1825,265,5908,14511,51,2076,0.355846542614289
95338,10827,9017,63,242,145,837,12,497,0.8328253440472891
95340,35827,13839,1325,125,2645,16651,78,1092,0.38627292265609736
95341,33090,5407,1378,26,3903,21918,8,450,0.1634028407373829
95345,802,493,133,20,4,152,0,0,0.614713216957606
95346,1251,1223,0,0,0,28,0,0,0.9776179056754596
95348,34002,9886,1874,57,5373,15694,90,1024,0.2907476030821716
95350,54210,26610,2168,475,3827,19039,68,1697,0.490868843386829
95351,48542,8787,1292,90,2838,34388,5,901,0.18101849944378065
95354,24923,11787,1111,121,720,10361,0,702,0.47293664486618786
95355,59621,30234,3097,280,4841,18455,70,1940,0.5071032018919508
95356,32622,16679,1014,165,3066,9542,40,1467,0.5112807307951689
95357,11765,5689,235,21,319,4827,0,184,0.48355291117722055
95358,32524,10308,638,99,1116,19685,0,641,0.3169351863239454
95360,13278,3704,215,0,168,9111,34,46,0.27895767434854646
95361,35308,22716,77,148,737,10702,22,890,0.6433669423360145
95363,27908,6399,1497,0,1507,17642,6,406,0.22928909273326645
95364,0,0,0,0,0,0,0,0,
95365,4775,114,0,17,0,4636,0,8,0.02387434554973822
95366,17909,11595,67,5,396,5303,4,532,0.6474398347199732
95367,25072,8463,402,139,1229,14215,35,491,0.3375478621569879
95368,14041,5393,12,0,659,7686,0,223,0.38408945231821096
95369,1024,584,0,17,2,418,0,3,0.5703125
95370,28096,22852,124,269,451,3379,35,944,0.8133542141230068
95372,2056,1580,0,101,0,363,0,12,0.7684824902723736
95374,1682,879,44,27,5,727,0,0,0.5225921521997622
95375,5,3,0,0,1,1,0,0,0.6
95376,55655,18358,2171,61,5381,26497,23,2663,0.3298535621237984
95377,32091,10622,1506,6,8615,8750,11,2124,0.33099622947243773
95379,4003,3221,2,112,45,542,0,72,0.8046465151136648
95380,42866,18140,625,203,1227,21651,171,688,0.4231792096300098
95382,38700,22716,1211,254,3204,9933,107,1275,0.5869767441860465
95383,3611,3062,0,0,15,395,0,121,0.8479645527554694
95385,415,179,0,0,0,236,0,0,0.43132530120481927
95386,10557,5099,75,18,239,4891,0,223,0.4829970635597234
95387,636,56,0,0,0,580,0,0,0.0880503144654088
95388,14116,3473,52,0,392,9896,0,141,0.2460328705015585
95389,1417,908,41,0,49,373,0,46,0.6407904022582922
95391,20131,5340,1729,0,8330,3219,0,1417,0.2652625304257116
95401,38839,20040,626,144,1918,14603,125,1213,0.5159762094801617
95403,45096,24058,1180,135,1873,15508,141,1893,0.5334841227603335
95404,40497,26823,1014,487,1845,8587,110,1488,0.6623453589154752
95405,21082,16189,298,93,988,2554,0,480,0.7679062707523006
95407,42026,12882,1293,421,2513,23498,35,1279,0.3065245324323038
95409,27186,20159,288,61,1572,4238,17,808,0.7415213712940484
95410,997,816,0,0,49,33,0,54,0.8184553660982948
95412,397,220,0,105,7,65,0,0,0.5541561712846348
95415,1388,492,56,0,36,794,0,10,0.35446685878962536
95417,356,292,0,0,9,55,0,0,0.8202247191011236
95420,523,448,0,0,46,29,0,0,0.8565965583173997
95421,1808,1514,0,6,71,125,11,78,0.8373893805309734
95422,15696,9354,626,693,27,4417,26,553,0.5959480122324159
95423,3751,2967,13,63,61,619,0,28,0.790989069581445
95425,10984,6947,69,154,417,3181,0,203,0.6324654042243263
95426,1350,1298,2,0,0,50,0,0,0.9614814814814815
95427,226,217,0,0,0,9,0,0,0.9601769911504425
95428,2580,1034,18,694,1,547,0,285,0.4007751937984496
95429,116,109,0,0,7,0,0,0,0.9396551724137931
95430,7,7,0,0,0,0,0,0,1.0
95431,161,121,14,7,10,9,0,0,0.7515527950310559
95432,706,584,0,0,38,84,0,0,0.8271954674220963
95435,299,299,0,0,0,0,0,0,1.0
95436,6240,5122,9,37,150,648,0,274,0.8208333333333333
95437,14859,10182,105,154,187,3730,33,453,0.6852412679184333
95439,728,258,0,0,0,430,0,40,0.3543956043956044
95441,1797,1066,0,0,32,576,60,63,0.5932109070673345
95442,3213,2690,6,33,0,228,210,46,0.837223778400249
95443,193,193,0,0,0,0,0,0,1.0
95444,705,386,0,21,0,187,0,111,0.5475177304964539
95445,2257,2006,21,9,7,214,0,0,0.8887904297740363
95446,5168,4228,59,13,72,608,10,160,0.8181114551083591
95448,17407,11480,17,61,260,5000,8,569,0.659504796920779
95449,1560,908,9,138,48,442,0,15,0.5820512820512821
95450,227,213,0,0,3,9,0,0,0.9383259911894273
95451,11603,8146,398,25,21,2849,0,164,0.7020598121175559
95452,919,759,0,0,49,16,0,95,0.8258977149075082
95453,11369,7969,52,740,344,2040,0,216,0.7009411557744745
95454,2107,1488,16,332,0,135,0,131,0.7062173706691979
95456,838,818,0,0,3,9,0,8,0.9761336515513126
95457,3227,2229,0,72,27,861,0,38,0.6907344282615432
95458,2960,2006,108,70,8,496,0,272,0.6777027027027027
95459,641,371,0,50,0,190,0,30,0.5787831513260531
95460,2508,2108,0,24,152,134,0,90,0.8405103668261563
95461,2567,1939,14,4,8,563,0,39,0.7553564472146475
95462,1124,993,0,0,24,70,0,37,0.8834519572953736
95463,136,114,0,0,0,22,0,0,0.8382352941176471
95464,2505,1738,101,140,12,333,85,96,0.693812375249501
95465,2244,1867,32,9,66,110,62,98,0.8319964349376114
95466,976,596,0,0,0,347,0,33,0.610655737704918
95467,5506,4589,0,21,75,667,0,120,0.8334544133672357
95468,1280,621,10,180,14,431,0,23,0.48515625
95469,1911,1513,0,37,23,215,6,117,0.7917320774463632
95470,5561,3922,6,318,22,1194,0,99,0.7052688365401906
95471,573,517,0,0,0,33,0,23,0.9022687609075044
95472,30736,25455,244,56,514,3190,49,1198,0.8281819364914107
95476,36586,23920,217,8,721,10091,577,1016,0.65380200076532
95482,31482,17430,294,664,1015,10941,12,1066,0.5536497045931008
95485,2650,2172,17,98,101,238,0,24,0.819622641509434
95486,51,51,0,0,0,0,0,0,1.0
95488,179,170,0,0,0,0,0,9,0.9497206703910615
95490,12975,9839,67,282,106,2081,0,562,0.7583044315992293
95492,29271,17137,206,376,721,9732,157,936,0.5854600116155922
95493,377,286,0,0,0,91,0,0,0.7586206896551724
95494,171,148,7,0,0,16,0,0,0.8654970760233918
95497,1134,938,0,0,10,186,0,0,0.8271604938271605
95501,23324,16741,539,568,880,3449,9,1103,0.7177585319842222
95503,25972,19474,106,428,1647,2555,0,1762,0.7498074849838288
95511,262,218,0,0,0,31,0,13,0.8320610687022901
95514,140,140,0,0,0,0,0,0,1.0
95519,19763,15482,62,954,491,1555,69,1134,0.7833830896119011
95521,21068,14973,406,288,734,3322,44,1085,0.7106986899563319
95524,1668,1492,0,21,14,108,4,29,0.894484412470024
95525,1401,1073,0,102,18,61,0,147,0.7658815132048536
95526,196,174,0,8,0,2,0,12,0.8877551020408163
95527,499,449,0,35,0,5,3,7,0.8997995991983968
95528,1437,1258,0,65,10,43,0,61,0.8754349338900487
95531,23737,14759,877,1451,795,4855,176,780,0.6217719172599738
95536,2899,2441,0,28,28,360,0,42,0.842014487754398
95537,251,251,0,0,0,0,0,0,1.0
95540,14196,10525,39,274,72,2658,9,559,0.7414060298675683
95542,1871,1803,1,4,10,36,0,17,0.9636557990379476
95543,705,538,4,31,0,43,0,89,0.7631205673758865
95545,118,100,14,0,0,4,0,0,0.847457627118644
95546,3466,353,18,2772,0,33,0,188,0.10184650894402769
95547,1063,1004,0,29,0,11,0,19,0.9444967074317968
95548,1251,642,18,350,0,197,0,44,0.513189448441247
95549,929,863,1,4,21,25,0,15,0.9289558665231432
95550,94,89,0,0,0,0,0,5,0.9468085106382979
95551,1416,949,26,121,10,244,30,36,0.6701977401129944
95552,750,680,0,19,0,40,4,7,0.9066666666666666
95553,767,549,77,0,0,141,0,0,0.7157757496740548
95554,508,487,0,0,0,0,0,21,0.9586614173228346
95555,437,315,0,43,0,17,0,62,0.7208237986270023
95556,598,215,4,321,0,0,0,58,0.3595317725752508
95558,416,320,0,15,28,18,6,29,0.7692307692307693
95559,70,70,0,0,0,0,0,0,1.0
95560,1615,1261,18,0,3,321,0,12,0.7808049535603715
95562,3401,2765,5,71,81,312,0,167,0.812996177594825
95563,665,539,0,77,32,12,0,5,0.8105263157894737
95564,389,264,0,5,2,29,0,86,0.6786632390745502
95565,762,621,0,14,3,71,0,53,0.8149606299212598
95567,1802,1089,0,111,67,334,0,201,0.6043285238623751
95568,274,114,19,34,2,76,2,27,0.41605839416058393
95569,371,308,17,0,0,36,0,10,0.8301886792452831
95570,2338,2041,0,67,21,158,6,45,0.8729683490162532
95571,304,304,0,0,0,0,0,0,1.0
95573,1568,1293,3,62,0,122,0,88,0.8246173469387755
95585,457,310,17,34,10,86,0,0,0.6783369803063457
95587,51,51,0,0,0,0,0,0,1.0
95589,963,951,0,0,0,12,0,0,0.9875389408099688
95595,139,93,0,5,0,0,0,41,0.6690647482014388
95601,151,111,0,0,0,19,6,15,0.7350993377483444
95602,17557,14619,5,17,247,2250,15,395,0.8326593381557214
95603,29474,24205,130,97,607,3206,54,1119,0.821232272511366
95604,85,85,0,0,0,0,0,0,1.0
95605,14493,6028,852,97,915,5868,0,515,0.4159249292762023
95606,249,74,0,2,46,26,0,101,0.2971887550200803
95607,389,329,0,0,0,40,0,20,0.8457583547557841
95608,62539,43255,3251,126,2961,8715,76,3979,0.6916484113912919
95610,46305,31565,1864,254,1856,8933,117,1668,0.6816758449411511
95612,1321,706,0,0,50,544,0,21,0.53444360333081
95614,4359,4144,0,11,15,96,0,93,0.9506767607249369
95615,704,388,0,0,8,276,0,32,0.5511363636363636
95616,52212,27138,1266,82,13111,7486,184,2759,0.5197655711330729
95618,27519,14972,429,191,6504,4007,112,1260,0.5440604673134924
95619,5718,4599,0,17,112,812,0,138,0.804302203567681
95620,21954,10095,380,101,1024,9286,18,960,0.45982508882208256
95621,41740,29653,1389,95,1336,7496,95,1631,0.7104216578821274
95623,3665,3228,14,0,127,172,0,105,0.8807639836289223
95624,65948,26362,5491,249,16831,11242,20,3783,0.39973918845150724
95625,74,59,0,0,0,15,0,0,0.7972972972972973
95626,6065,4355,134,74,315,931,0,73,0.7180544105523495
95627,3802,1535,0,0,83,2101,0,83,0.4037348763808522
95628,40855,30367,957,70,1821,4816,20,2674,0.743287235344511
95629,940,820,0,40,0,38,0,42,0.8723404255319149
95630,78159,48328,2565,261,13198,9526,149,3764,0.6183293030872964
95631,6851,5869,0,0,88,816,0,78,0.8566632608378338
95632,31911,15043,521,73,1529,13261,123,1278,0.4714048447243897
95633,4188,3690,36,12,58,332,0,60,0.8810888252148997
95634,3559,2967,10,0,45,493,0,44,0.8336611407698792
95635,1058,843,24,0,6,185,0,0,0.7967863894139886
95636,1195,880,0,48,0,188,0,79,0.7364016736401674
95637,268,103,0,0,0,165,0,0,0.3843283582089552
95638,2126,1475,54,26,94,401,0,48,0.69379115710254
95639,335,50,0,0,13,213,0,59,0.14925373134328357
95640,11598,8048,775,101,78,2226,4,350,0.6939127435764787
95641,1489,1076,9,12,42,300,0,42,0.722632639355272
95642,7101,5971,11,33,179,678,0,197,0.8408674834530347
95645,1881,441,0,4,0,1436,0,0,0.23444976076555024
95646,80,44,9,0,5,22,0,0,0.55
95648,52949,36857,808,48,3274,10505,97,1244,0.6960849118963531
95650,14808,12336,40,20,332,1152,0,905,0.833063209076175
95651,624,467,2,104,15,25,0,11,0.7483974358974359
95652,789,384,108,0,59,171,0,67,0.4866920152091255
95653,581,2,1,0,1,577,0,0,0.0034423407917383822
95655,4156,2296,363,0,493,608,43,353,0.5524542829643888
95658,6837,5657,210,61,191,424,0,294,0.8274096826093316
95659,932,671,5,3,2,230,0,21,0.7199570815450643
95660,35461,16183,4504,53,2179,10540,0,1938,0.45636050872789824
95661,31315,23336,582,56,2188,4309,23,745,0.7452019798818458
95662,32172,24574,554,148,793,3893,87,2100,0.7638319035185875
95663,2493,2091,0,33,0,308,7,37,0.838748495788207
95664,1603,1418,0,0,13,37,0,135,0.8845913911416095
95665,4303,3260,17,12,55,841,0,114,0.7576109690913316
95666,5164,4266,16,24,135,465,0,258,0.8261037955073587
95667,36487,30525,195,222,686,3892,51,916,0.8365993367500754
95668,664,544,0,1,19,71,0,21,0.8192771084337349
95669,2315,1640,5,10,9,564,0,87,0.7084233261339092
95670,55558,29561,3936,76,6242,11550,179,3618,0.5320745887180964
95672,5266,3852,15,108,138,979,0,174,0.7314849981010254
95673,16636,10782,387,29,1402,3442,67,517,0.6481125270497716
95674,767,666,0,3,48,46,0,4,0.8683181225554107
95675,566,425,21,0,0,34,0,86,0.7508833922261484
95677,25477,19091,453,38,1463,3251,7,1130,0.7493425442556031
95678,42053,27115,1036,71,3229,8449,14,2079,0.6447815851425582
95679,56,56,0,0,0,0,0,0,1.0
95680,10,10,0,0,0,0,0,0,1.0
95681,1246,1173,0,0,55,0,0,18,0.9414125200642055
95682,30314,23879,264,43,766,4421,0,834,0.7877218446922214
95683,6326,4794,360,45,141,819,16,151,0.7578248498261144
95684,3129,2491,16,0,50,372,0,200,0.7961009907318632
95685,4665,4086,3,9,9,367,0,191,0.8758842443729904
95686,1262,398,7,0,48,793,0,16,0.3153724247226624
95687,69060,33844,8042,267,5234,16249,154,4480,0.49006660874601793
95688,37260,20654,1831,147,2637,10018,206,1711,0.554320987654321
95689,1698,1480,0,20,12,108,0,78,0.8716136631330977
95690,2215,823,139,0,126,1105,17,5,0.37155756207674945
95691,38690,18396,1583,58,4668,10146,66,3436,0.47547169811320755
95692,5251,3889,9,46,83,814,8,352,0.740620834126833
95693,7037,4466,54,99,599,1734,0,85,0.6346454455023447
95694,10495,5138,52,17,13,5151,8,116,0.48956646021915196
95695,41278,19170,644,135,1365,18938,0,983,0.4644120354668346
95697,183,55,0,0,0,128,0,0,0.3005464480874317
95698,148,124,0,0,0,24,0,0,0.8378378378378378
95699,21,21,0,0,0,0,0,0,1.0
95701,915,802,4,6,46,47,0,10,0.8765027322404372
95703,831,729,33,23,7,39,0,0,0.8772563176895307
95709,5498,4815,0,26,149,345,0,149,0.8757730083666788
95713,10472,8441,156,223,44,1223,56,329,0.8060542398777693
95714,522,455,0,13,0,54,0,0,0.8716475095785441
95715,104,100,0,4,0,0,0,0,0.9615384615384616
95717,176,146,0,3,0,20,0,7,0.8295454545454546
95720,103,75,0,0,0,3,0,25,0.7281553398058253
95721,0,0,0,0,0,0,0,0,
95722,5123,4509,0,48,105,372,0,77,0.8801483505758345
95724,22,0,0,0,0,22,0,0,0.0
95726,8449,6981,52,211,141,769,0,247,0.826251627411528
95728,231,185,0,0,46,0,0,0,0.8008658008658008
95735,12,12,0,0,0,0,0,0,1.0
95736,289,228,14,0,0,15,0,32,0.7889273356401384
95742,12472,5526,870,51,3634,1647,45,654,0.4430724823604875
95746,23934,17337,841,110,1909,2574,52,1097,0.7243670092755077
95747,66931,43589,1304,247,9893,9055,12,2709,0.651252782716529
95757,50727,14066,6205,190,17327,9372,72,2944,0.2772882291481854
95758,65811,20909,8453,66,17980,13521,72,4165,0.3177128443573263
95762,43052,32000,548,120,4528,3616,235,1781,0.743287187587104
95765,39214,26593,730,212,4867,4882,28,1885,0.6781506604784006
95776,23911,7512,396,95,3357,11908,0,588,0.31416502864790263
95811,6294,3260,865,47,528,1269,122,191,0.5179536066094693
95814,11908,5988,1793,119,990,2425,16,556,0.5028552233792408
95815,25673,7514,2719,288,1914,12219,48,889,0.29268102675963076
95816,17199,11775,665,67,936,2873,20,760,0.6846328274899703
95817,13758,6326,1673,197,1043,3503,39,944,0.45980520424480303
95818,21625,12071,1429,5,2297,4035,32,1356,0.5581965317919075
95819,19890,13816,497,37,1133,3212,32,1148,0.6946204122674711
95820,36437,11829,3954,52,3797,15053,34,1480,0.3246425336882839
95821,35812,19554,3241,202,2006,7673,11,2962,0.5460180944934658
95822,44741,11567,6382,111,9408,14906,156,1602,0.2585324422788941
95823,79440,12083,15462,260,18031,25279,641,4314,0.15210221550855993
95824,30296,4319,2848,37,8079,12220,1202,1116,0.14256007393715342
95825,37473,17097,5174,104,2658,9657,155,2373,0.4562484989192218
95826,39145,18717,3860,145,4031,9751,99,2335,0.4781453570060033
95827,20666,8872,3088,238,2373,4501,0,1404,0.42930417110229363
95828,58717,10893,6248,313,20321,16108,307,3006,0.1855169712349064
95829,28264,9139,2509,80,9186,5182,33,1896,0.32334418341352955
95830,734,469,0,19,75,162,0,9,0.6389645776566758
95831,43094,15547,4637,40,11645,8194,227,2631,0.3607694806701629
95832,12114,1058,2483,0,4302,2441,75,1067,0.0873369654944692
95833,39905,11233,5445,163,4383,15595,198,2102,0.2814935471745395
95834,30076,7307,5035,105,7365,8910,0,1253,0.24295119031786142
95835,40170,13768,5333,327,10632,7440,185,2287,0.34274334080159324
95837,300,251,16,0,10,14,0,9,0.8366666666666667
95838,39053,8442,5877,84,6779,14656,62,1593,0.21616777200215093
95841,21229,11808,1798,300,1661,4277,0,1385,0.556220264732206
95842,33522,17246,4408,146,1675,7541,3,2340,0.5144681104946005
95843,47823,28088,4350,37,5514,7002,155,2080,0.5873324550948289
95864,23352,16541,775,31,1760,3244,24,912,0.7083333333333334
95901,33455,17866,1522,176,2524,9671,118,1502,0.5340307876251681
95903,1653,932,142,3,127,327,0,109,0.5638233514821537
95910,123,123,0,0,0,0,0,0,1.0
95912,5380,1581,0,11,12,3659,0,117,0.2938661710037175
95914,752,680,12,5,0,40,7,8,0.9042553191489362
95915,0,0,0,0,0,0,0,0,
95916,1359,1190,0,28,30,82,0,26,0.8756438557763061
95917,3717,1770,0,46,63,1565,25,248,0.47619047619047616
95918,2915,2386,44,0,0,301,0,184,0.81852487135506
95919,971,703,8,0,0,78,0,182,0.7239958805355304
95920,315,157,0,18,5,135,0,0,0.4984126984126984
95922,831,671,0,1,0,128,0,31,0.8074608904933814
95923,28,28,0,0,0,0,0,0,1.0
95925,276,174,30,0,0,56,0,16,0.6304347826086957
95926,40000,28740,833,88,1919,6623,39,1737,0.7185
95928,37735,26433,823,200,1789,6662,41,1580,0.7004902610308732
95930,72,56,0,16,0,0,0,0,0.7777777777777778
95932,7633,3343,166,48,77,3793,0,190,0.4379667234377047
95934,146,108,0,0,0,13,0,25,0.7397260273972602
95935,261,240,21,0,0,0,0,0,0.9195402298850575
95936,158,133,0,0,0,12,0,13,0.8417721518987342
95937,1540,712,54,0,34,732,0,8,0.4623376623376623
95938,4446,3461,83,0,130,609,0,163,0.7784525416104363
95939,605,254,45,188,0,109,0,9,0.41983471074380163
95941,775,497,0,0,0,45,0,233,0.6412903225806451
95942,934,764,0,0,0,121,0,49,0.8179871520342612
95943,871,656,17,0,0,178,0,20,0.7531572904707233
95944,26,26,0,0,0,0,0,0,1.0
95945,25381,21109,71,240,331,2644,52,931,0.8316851187896458
95946,8977,7879,96,14,51,831,6,100,0.8776874234153949
95947,1657,1311,0,75,92,77,0,102,0.7911888955944478
95948,11917,6614,9,64,181,4779,6,261,0.5550054543928841
95949,21036,18406,84,97,176,1280,0,969,0.8749762312226659
95950,350,198,0,0,0,140,0,12,0.5657142857142857
95951,2686,354,0,0,38,2294,0,0,0.13179448994787787
95953,10925,4591,182,56,664,5109,7,308,0.4202288329519451
95954,12371,10256,5,63,98,1170,0,779,0.8290356478861854
95955,1386,667,0,12,8,662,0,37,0.48124098124098125
95956,348,308,6,0,20,14,0,0,0.8850574712643678
95957,879,620,13,7,3,213,0,23,0.7053469852104665
95959,18343,15648,168,8,214,1517,40,734,0.8530774682440168
95960,684,660,0,0,10,8,6,0,0.9649122807017544
95961,28489,13163,749,326,2341,10164,4,1604,0.4620379795710625
95962,1324,1193,21,0,0,67,0,26,0.9010574018126888
95963,15492,8491,4,78,186,6614,0,115,0.5480893364317067
95965,20498,12650,676,214,2919,2572,0,1431,0.6171333788662309
95966,29860,21223,363,686,1460,3964,55,1996,0.710750167448091
95968,1231,678,15,20,0,469,0,49,0.5507717303005687
95969,23572,20190,81,145,236,1817,29,1073,0.8565246903105379
95970,616,438,16,16,0,132,0,14,0.711038961038961
95971,5924,4906,130,69,40,544,94,141,0.8281566509115462
95973,36682,27330,442,114,1232,6536,119,817,0.7450520691347254
95974,65,65,0,0,0,0,0,0,1.0
95975,1877,1733,0,45,8,91,0,0,0.9232818327117741
95977,1488,1359,57,13,3,32,0,22,0.9133064516129032
95978,245,223,0,0,0,22,0,0,0.9102040816326531
95979,414,293,81,0,6,12,0,22,0.7077294685990339
95981,39,0,0,39,0,0,0,0,0.0
95982,3259,2437,0,62,118,469,0,164,0.7477753912243019
95983,380,265,0,24,0,25,0,25,0.6973684210526315
95984,327,143,0,0,0,0,0,184,0.43730886850152906
95986,56,56,0,0,0,0,0,0,1.0
95987,5950,1190,9,72,170,4441,36,10,0.2
95988,8298,4744,111,98,598,2414,0,326,0.571704025066281
95991,40861,17862,856,250,3812,16089,100,1685,0.43714054966838795
95993,37077,16810,612,235,10214,7045,41,1976,0.4533808021145184
96001,34293,27953,424,638,1164,3180,89,828,0.8151226197766308
96002,34196,24954,578,865,1968,3971,30,1783,0.7297344718680547
96003,44328,35869,525,753,1876,4085,39,1145,0.8091725320339289
96006,389,337,0,39,0,2,0,11,0.8663239074550129
96007,23228,17768,206,552,387,3544,0,758,0.7649388668847942
96008,1191,1152,1,0,0,26,0,12,0.9672544080604534
96009,321,321,0,0,0,0,0,0,1.0
96010,122,93,0,21,0,8,0,0,0.7622950819672131
96011,199,143,6,26,0,14,0,10,0.7185929648241206
96013,4819,3962,51,107,88,395,0,216,0.822162274330774
96014,135,109,0,0,0,8,0,18,0.8074074074074075
96015,320,189,6,0,74,51,0,0,0.590625
96016,424,424,0,0,0,0,0,0,1.0
96017,140,135,3,0,0,1,0,1,0.9642857142857143
96019,10178,8082,133,294,17,1023,0,561,0.7940656317547652
96020,2369,2030,0,0,4,287,0,48,0.8569016462642465
96021,16017,8272,83,116,114,7019,0,401,0.5164512705250671
96022,16253,13309,66,402,388,1796,20,216,0.818864209684366
96023,1184,748,11,46,4,363,0,12,0.6317567567567568
96024,846,680,0,66,71,28,0,1,0.8037825059101655
96025,2126,1640,1,40,46,313,0,86,0.7714016933207902
96027,2327,2028,18,46,20,64,0,151,0.8715083798882681
96028,1368,1052,3,71,3,176,0,63,0.7690058479532164
96029,167,130,0,0,0,37,0,0,0.7784431137724551
96031,133,91,0,19,0,2,0,21,0.6842105263157895
96032,2653,1941,12,304,98,174,0,120,0.7316245759517528
96033,490,429,1,4,21,24,0,11,0.8755102040816326
96034,279,227,0,13,1,28,0,10,0.8136200716845878
96035,3629,1762,0,164,0,1598,0,105,0.4855332047395977
96037,279,248,0,0,0,0,0,31,0.8888888888888888
96038,732,648,0,0,0,19,0,65,0.8852459016393442
96039,904,462,2,215,11,68,0,142,0.5110619469026548
96040,124,91,2,0,4,27,0,0,0.7338709677419355
96041,2934,2134,36,74,87,506,0,71,0.7273346966598501
96044,963,820,1,31,0,63,0,48,0.8515057113187954
96046,115,115,0,0,0,0,0,0,1.0
96047,849,688,0,26,0,21,0,107,0.8103651354534747
96048,730,570,0,60,5,88,0,7,0.7808219178082192
96049,90,33,0,6,0,0,0,51,0.36666666666666664
96050,381,342,0,2,3,22,0,12,0.8976377952755905
96051,1358,1082,5,35,63,71,0,102,0.7967599410898379
96052,1574,1260,80,62,11,85,0,76,0.8005082592121983
96054,319,306,0,13,0,0,0,0,0.9592476489028213
96055,3866,3085,0,33,31,677,0,40,0.7979824107604759
96056,1530,1250,0,94,0,186,0,0,0.8169934640522876
96057,1235,1089,1,20,0,86,0,39,0.8817813765182186
96058,553,247,2,0,4,296,0,4,0.44665461121157324
96059,542,438,0,8,1,26,0,69,0.8081180811808119
96061,21,21,0,0,0,0,0,0,1.0
96062,1042,956,0,16,0,56,0,14,0.9174664107485605
96063,359,313,0,0,0,0,0,46,0.871866295264624
96064,4533,3666,6,130,77,427,25,197,0.8087359364659166
96065,403,343,0,27,0,24,0,9,0.8511166253101737
96067,7094,6132,50,0,39,753,0,120,0.864392444319143
96068,204,91,20,0,22,71,0,0,0.44607843137254904
96069,800,719,9,19,17,24,0,12,0.89875
96071,31,31,0,0,0,0,0,0,1.0
96073,3980,3558,17,65,24,157,0,159,0.8939698492462311
96074,164,119,18,0,0,27,0,0,0.725609756097561
96075,350,247,8,2,0,50,0,43,0.7057142857142857
96076,284,247,2,27,2,6,0,0,0.8697183098591549
96080,29139,22122,315,282,496,4800,11,1110,0.7591887161536086
96084,536,326,0,32,0,131,0,47,0.6082089552238806
96085,54,42,0,0,0,0,0,12,0.7777777777777778
96086,278,212,0,6,2,49,0,9,0.762589928057554
96087,544,488,0,0,0,44,0,12,0.8970588235294118
96088,4690,4100,44,100,38,279,0,129,0.8742004264392325
96090,481,358,0,18,7,82,0,16,0.7442827442827443
96091,618,532,0,64,3,3,9,7,0.86084142394822
96092,343,271,0,0,0,72,0,0,0.7900874635568513
96093,3570,3159,11,200,1,152,35,10,0.8848739495798319
96094,6611,4820,435,100,253,850,0,150,0.7290878838299804
96096,703,618,2,40,1,36,0,6,0.8790896159317212
96097,9746,7183,119,378,136,1146,24,652,0.7370203160270881
96101,5262,4191,125,213,11,672,0,41,0.7964652223489168
96103,1401,1301,0,0,13,87,0,0,0.9286224125624554
96104,842,739,0,21,0,82,0,0,0.8776722090261283
96105,372,130,0,89,0,0,0,108,0.34946236559139787
96106,274,257,0,0,0,17,0,0,0.9379562043795621
96107,1433,1047,15,105,1,198,0,67,0.7306350314026517
96108,80,80,0,0,0,0,0,0,1.0
96109,812,795,0,0,0,17,0,0,0.979064039408867
96110,126,121,0,0,0,0,0,5,0.9603174603174603
96111,83,83,0,0,0,0,0,0,1.0
96112,224,90,1,86,14,33,0,0,0.4017857142857143
96113,1925,865,334,116,22,513,11,64,0.44935064935064933
96114,3267,2895,2,79,37,117,0,137,0.8861340679522498
96115,115,111,4,0,0,0,0,0,0.9652173913043478
96116,172,172,0,0,0,0,0,0,1.0
96117,355,325,0,0,0,30,0,0,0.9154929577464789
96118,1779,1470,1,5,0,300,0,3,0.8263069139966274
96119,59,44,0,0,0,3,12,0,0.7457627118644068
96120,926,474,0,314,5,108,0,25,0.5118790496760259
96121,358,345,0,0,0,13,0,0,0.9636871508379888
96122,3266,2734,5,7,43,439,0,38,0.837109614206981
96123,25,25,0,0,0,0,0,0,1.0
96124,458,434,0,24,0,0,0,0,0.9475982532751092
96125,126,126,0,0,0,0,0,0,1.0
96126,85,65,1,0,0,12,0,7,0.7647058823529411
96128,685,604,14,0,1,47,0,19,0.8817518248175182
96129,408,408,0,0,0,0,0,0,1.0
96130,20119,11536,2154,605,342,4849,22,367,0.5733883393806849
96132,50,33,0,4,0,11,0,2,0.66
96133,126,10,0,0,0,24,0,92,0.07936507936507936
96134,2059,929,7,0,0,1097,3,23,0.4511898980087421
96135,301,301,0,0,0,0,0,0,1.0
96136,44,44,0,0,0,0,0,0,1.0
96137,3252,2811,66,37,0,288,0,50,0.8643911439114391
96140,953,806,16,23,0,72,0,36,0.8457502623294858
96141,403,383,0,0,20,0,0,0,0.9503722084367245
96142,885,732,0,60,12,49,0,32,0.8271186440677966
96143,3585,2510,0,0,19,982,0,74,0.700139470013947
96145,2147,2026,0,20,15,45,20,21,0.9436422915696321
96146,1145,1044,0,0,0,78,0,23,0.9117903930131004
96148,580,359,0,0,0,221,0,0,0.6189655172413793
96150,29327,19077,250,49,1626,7413,9,883,0.6504927200190951
96155,0,0,0,0,0,0,0,0,
96161,18488,15363,9,9,178,2559,6,281,0.8309714409346604
97635,170,117,0,0,0,29,0,24,0.6882352941176471
